appointment_id,date,day_of_week,hour_of_day,barber_id,service_type,service_duration_min,booking_channel,lead_time_days,is_returning_customer,previous_no_shows,total_previous_visits,reminder_sent,no_show
APT-0001,2024-01-03,Wednesday,14,B03,combo,45,app,4,1,0,14,1,0
APT-0002,2024-01-04,Thursday,11,B04,beard_trim,20,phone,1,1,2,17,0,0
APT-0003,2024-01-04,Thursday,11,B02,haircut,30,phone,5,0,0,0,1,0
APT-0004,2024-01-09,Tuesday,12,B02,beard_trim,20,phone,2,1,2,5,1,1
APT-0005,2024-01-09,Tuesday,14,B03,haircut,30,app,1,1,1,1,1,0
APT-0006,2024-01-10,Wednesday,11,B02,beard_trim,20,app,5,1,1,10,1,0
APT-0007,2024-01-10,Wednesday,18,B03,beard_trim,20,app,6,1,0,10,1,0
APT-0008,2024-01-10,Wednesday,13,B02,haircut,30,app,10,1,1,1,1,0
APT-0009,2024-01-11,Thursday,17,B01,haircut,30,phone,8,1,0,13,1,0
APT-0010,2024-01-11,Thursday,15,B03,beard_trim,20,app,10,1,1,1,1,1
APT-0011,2024-01-12,Friday,12,B01,haircut,30,phone,8,1,1,16,1,0
APT-0012,2024-01-13,Saturday,11,B01,combo,45,phone,7,1,1,14,1,0
APT-0013,2024-01-13,Saturday,16,B03,beard_trim,20,walk-in,0,0,0,0,1,0
APT-0014,2024-01-15,Monday,12,B03,beard_trim,20,app,6,1,1,3,1,0
APT-0015,2024-01-15,Monday,11,B04,haircut,30,app,1,1,2,17,1,0
APT-0016,2024-01-16,Tuesday,18,B01,beard_trim,20,app,1,1,2,11,0,0
APT-0017,2024-01-16,Tuesday,13,B01,combo,45,app,2,1,0,17,0,0
APT-0018,2024-01-18,Thursday,9,B04,haircut,30,app,9,1,1,14,1,1
APT-0019,2024-01-20,Saturday,13,B01,haircut,30,phone,8,1,2,13,1,0
APT-0020,2024-01-23,Tuesday,13,B01,haircut,30,app,12,0,0,0,1,0
APT-0021,2024-01-23,Tuesday,17,B01,haircut,30,app,13,0,0,0,0,1
APT-0022,2024-01-25,Thursday,16,B02,beard_trim,20,app,11,1,0,9,1,0
APT-0023,2024-01-25,Thursday,10,B04,haircut,30,phone,1,1,2,17,0,0
APT-0024,2024-01-26,Friday,10,B03,beard_trim,20,walk-in,10,0,0,0,1,0
APT-0025,2024-01-27,Saturday,15,B03,haircut,30,phone,9,0,0,0,1,0
APT-0026,2024-01-29,Monday,9,B01,haircut,30,phone,10,0,0,0,1,0
APT-0027,2024-02-01,Thursday,12,B02,haircut,30,phone,2,1,0,2,1,0
APT-0028,2024-02-01,Thursday,10,B02,combo,45,phone,1,1,1,6,0,0
APT-0029,2024-02-01,Thursday,9,B01,beard_trim,20,app,12,1,2,5,0,0
APT-0030,2024-02-05,Monday,18,B01,haircut,30,phone,2,0,0,0,1,0
APT-0031,2024-02-07,Wednesday,9,B02,beard_trim,20,phone,3,0,0,0,1,0
APT-0032,2024-02-08,Thursday,9,B01,haircut,30,app,4,0,0,0,0,0
APT-0033,2024-02-08,Thursday,18,B02,haircut,30,phone,1,1,1,5,1,1
APT-0034,2024-02-09,Friday,10,B03,haircut,30,phone,0,0,0,0,1,0
APT-0035,2024-02-10,Saturday,17,B01,combo,45,phone,14,0,0,0,1,0
APT-0036,2024-02-10,Saturday,9,B02,beard_trim,20,app,10,1,0,8,1,0
APT-0037,2024-02-12,Monday,10,B03,beard_trim,20,phone,11,1,0,12,1,0
APT-0038,2024-02-14,Wednesday,10,B03,haircut,30,walk-in,3,1,2,14,0,1
APT-0039,2024-02-14,Wednesday,16,B03,haircut,30,app,2,0,0,0,0,0
APT-0040,2024-02-14,Wednesday,15,B02,beard_trim,20,app,4,0,0,0,1,0
APT-0041,2024-02-14,Wednesday,13,B03,haircut,30,app,4,1,2,10,1,0
APT-0042,2024-02-21,Wednesday,11,B01,combo,45,app,0,1,0,6,1,0
APT-0043,2024-02-21,Wednesday,9,B02,beard_trim,20,walk-in,8,1,2,5,0,0
APT-0044,2024-02-22,Thursday,14,B01,haircut,30,phone,14,1,1,19,1,0
APT-0045,2024-02-24,Saturday,11,B02,beard_trim,20,app,5,1,0,12,1,0
APT-0046,2024-02-26,Monday,14,B02,combo,45,app,3,0,0,0,1,0
APT-0047,2024-02-27,Tuesday,15,B01,haircut,30,walk-in,4,1,1,9,1,0
APT-0048,2024-03-02,Saturday,17,B03,beard_trim,20,app,1,0,0,0,0,0
APT-0049,2024-03-02,Saturday,13,B02,combo,45,phone,2,0,0,0,1,0
APT-0050,2024-03-04,Monday,9,B01,haircut,30,app,5,0,0,0,1,0
APT-0051,2024-03-05,Tuesday,11,B01,combo,45,app,4,1,2,4,1,0
APT-0052,2024-03-05,Tuesday,17,B02,haircut,30,phone,5,1,0,10,1,0
APT-0053,2024-03-06,Wednesday,14,B02,beard_trim,20,app,10,0,0,0,1,0
APT-0054,2024-03-06,Wednesday,15,B02,beard_trim,20,phone,2,0,0,0,0,1
APT-0055,2024-03-07,Thursday,13,B01,beard_trim,20,app,0,1,1,1,1,0
APT-0056,2024-03-12,Tuesday,10,B03,haircut,30,phone,0,1,1,16,1,0
APT-0057,2024-03-13,Wednesday,17,B04,beard_trim,20,phone,1,0,0,0,1,0
APT-0058,2024-03-13,Wednesday,16,B02,haircut,30,phone,5,0,0,0,1,0
APT-0059,2024-03-13,Wednesday,18,B03,haircut,30,app,9,1,1,12,1,0
APT-0060,2024-03-14,Thursday,17,B04,haircut,30,phone,11,1,2,2,1,0
APT-0061,2024-03-14,Thursday,11,B04,beard_trim,20,walk-in,6,1,1,7,0,0
APT-0062,2024-03-15,Friday,11,B03,haircut,30,app,4,0,0,0,1,0
APT-0063,2024-03-16,Saturday,11,B04,haircut,30,app,2,0,0,0,0,1
APT-0064,2024-03-18,Monday,18,B04,combo,45,walk-in,4,1,0,18,0,1
APT-0065,2024-03-18,Monday,14,B03,haircut,30,app,3,0,0,0,1,0
APT-0066,2024-03-19,Tuesday,13,B02,haircut,30,phone,10,1,2,8,1,1
APT-0067,2024-03-19,Tuesday,18,B01,haircut,30,phone,4,0,0,0,1,1
APT-0068,2024-03-20,Wednesday,15,B01,haircut,30,app,2,1,1,17,1,0
APT-0069,2024-03-20,Wednesday,18,B02,beard_trim,20,phone,3,1,1,6,1,0
APT-0070,2024-03-25,Monday,18,B02,haircut,30,phone,1,1,2,9,1,0
APT-0071,2024-03-27,Wednesday,9,B02,haircut,30,app,11,1,0,2,1,0
APT-0072,2024-03-27,Wednesday,12,B02,combo,45,walk-in,1,1,2,6,1,0
APT-0073,2024-03-27,Wednesday,16,B02,combo,45,app,0,0,0,0,1,0
APT-0074,2024-03-29,Friday,17,B03,beard_trim,20,app,2,1,1,18,1,0
APT-0075,2024-03-30,Saturday,10,B01,combo,45,walk-in,9,0,0,0,1,0
APT-0076,2024-03-30,Saturday,12,B01,combo,45,app,5,1,1,11,0,0
APT-0077,2024-04-01,Monday,14,B03,haircut,30,walk-in,6,1,1,17,1,0
APT-0078,2024-04-01,Monday,16,B03,beard_trim,20,app,3,0,0,0,0,0
APT-0079,2024-04-03,Wednesday,10,B04,beard_trim,20,phone,1,0,0,0,0,0
APT-0080,2024-04-04,Thursday,15,B04,haircut,30,app,10,1,1,1,0,0
APT-0081,2024-04-05,Friday,11,B04,haircut,30,phone,2,0,0,0,0,0
APT-0082,2024-04-06,Saturday,11,B02,haircut,30,phone,0,1,0,3,1,0
APT-0083,2024-04-08,Monday,14,B02,beard_trim,20,walk-in,5,0,0,0,1,0
APT-0084,2024-04-08,Monday,13,B01,beard_trim,20,walk-in,1,1,0,3,1,0
APT-0085,2024-04-08,Monday,15,B03,beard_trim,20,phone,1,1,1,14,1,0
APT-0086,2024-04-10,Wednesday,12,B04,haircut,30,phone,9,1,0,7,1,0
APT-0087,2024-04-12,Friday,17,B02,haircut,30,phone,5,0,0,0,0,0
APT-0088,2024-04-12,Friday,9,B02,haircut,30,walk-in,2,1,0,12,0,0
APT-0089,2024-04-16,Tuesday,17,B01,beard_trim,20,phone,3,1,1,1,1,1
APT-0090,2024-04-16,Tuesday,9,B01,combo,45,walk-in,7,1,2,6,1,0
APT-0091,2024-04-16,Tuesday,16,B01,combo,45,app,1,1,1,1,1,0
APT-0092,2024-04-17,Wednesday,12,B01,combo,45,phone,1,1,0,2,1,0
APT-0093,2024-04-22,Monday,12,B04,combo,45,phone,6,1,2,9,1,0
APT-0094,2024-04-24,Wednesday,9,B02,combo,45,app,6,1,1,6,1,1
APT-0095,2024-04-25,Thursday,16,B03,haircut,30,app,13,1,0,2,1,0
APT-0096,2024-04-26,Friday,10,B03,haircut,30,walk-in,3,1,2,8,0,1
APT-0097,2024-04-26,Friday,15,B01,haircut,30,app,1,0,0,0,1,0
APT-0098,2024-04-27,Saturday,16,B01,haircut,30,app,5,1,1,19,1,0
APT-0099,2024-04-29,Monday,17,B03,haircut,30,app,6,1,1,13,1,0
APT-0100,2024-04-29,Monday,16,B01,haircut,30,app,1,1,1,8,1,0
APT-0101,2024-05-03,Friday,12,B04,combo,45,phone,5,1,2,9,1,0
APT-0102,2024-05-07,Tuesday,16,B01,haircut,30,walk-in,2,1,0,2,1,0
APT-0103,2024-05-07,Tuesday,17,B03,combo,45,walk-in,10,1,0,8,1,0
APT-0104,2024-05-10,Friday,12,B03,beard_trim,20,phone,9,1,1,12,0,0
APT-0105,2024-05-10,Friday,10,B01,beard_trim,20,phone,4,1,0,1,1,0
APT-0106,2024-05-14,Tuesday,17,B01,beard_trim,20,app,13,1,1,18,1,0
APT-0107,2024-05-14,Tuesday,10,B04,haircut,30,walk-in,13,1,1,10,1,1
APT-0108,2024-05-16,Thursday,14,B01,beard_trim,20,app,1,0,0,0,1,0
APT-0109,2024-05-18,Saturday,11,B02,haircut,30,app,3,0,0,0,1,0
APT-0110,2024-05-18,Saturday,10,B02,combo,45,walk-in,6,1,0,16,1,0
APT-0111,2024-05-21,Tuesday,16,B01,haircut,30,walk-in,1,1,1,7,1,0
APT-0112,2024-05-22,Wednesday,10,B03,haircut,30,app,3,1,1,18,1,0
APT-0113,2024-05-24,Friday,15,B03,beard_trim,20,phone,2,1,1,10,1,0
APT-0114,2024-05-25,Saturday,15,B02,beard_trim,20,phone,13,1,0,13,1,1
APT-0115,2024-05-28,Tuesday,9,B03,haircut,30,app,4,1,2,4,1,1
APT-0116,2024-05-28,Tuesday,10,B01,beard_trim,20,app,8,1,2,19,0,1
APT-0117,2024-05-28,Tuesday,16,B01,haircut,30,app,3,0,0,0,1,0
APT-0118,2024-05-28,Tuesday,14,B02,beard_trim,20,phone,1,1,1,1,0,0
APT-0119,2024-05-29,Wednesday,10,B04,haircut,30,app,10,1,0,9,0,0
APT-0120,2024-05-29,Wednesday,18,B01,haircut,30,phone,0,1,2,16,1,0
APT-0121,2024-05-30,Thursday,11,B01,haircut,30,app,1,0,0,0,1,0
APT-0122,2024-05-31,Friday,9,B02,haircut,30,walk-in,3,1,0,17,1,0
APT-0123,2024-05-31,Friday,18,B03,haircut,30,phone,7,0,0,0,1,0
APT-0124,2024-06-03,Monday,9,B01,haircut,30,walk-in,3,0,0,0,0,0
APT-0125,2024-06-03,Monday,14,B02,haircut,30,app,1,1,0,10,0,0
APT-0126,2024-06-05,Wednesday,18,B03,haircut,30,phone,3,0,0,0,0,1
APT-0127,2024-06-07,Friday,14,B02,beard_trim,20,walk-in,2,1,0,4,0,0
APT-0128,2024-06-07,Friday,14,B01,haircut,30,app,0,1,2,15,1,0
APT-0129,2024-06-07,Friday,12,B01,beard_trim,20,app,5,0,0,0,1,0
APT-0130,2024-06-07,Friday,10,B02,combo,45,app,1,1,0,4,1,0
APT-0131,2024-06-08,Saturday,14,B02,haircut,30,app,3,1,1,8,0,0
APT-0132,2024-06-10,Monday,17,B04,combo,45,app,6,1,0,12,1,0
APT-0133,2024-06-11,Tuesday,9,B03,haircut,30,app,7,1,0,6,0,0
APT-0134,2024-06-12,Wednesday,17,B03,haircut,30,app,2,1,1,7,1,0
APT-0135,2024-06-13,Thursday,13,B04,beard_trim,20,phone,3,0,0,0,1,1
APT-0136,2024-06-14,Friday,14,B02,beard_trim,20,app,2,0,0,0,0,0
APT-0137,2024-06-14,Friday,10,B02,combo,45,app,13,1,2,14,1,1
APT-0138,2024-06-15,Saturday,15,B04,haircut,30,phone,2,1,0,13,1,0
APT-0139,2024-06-15,Saturday,10,B01,beard_trim,20,app,2,1,0,3,1,0
APT-0140,2024-06-15,Saturday,11,B03,haircut,30,app,4,1,0,7,1,1
APT-0141,2024-06-15,Saturday,16,B03,haircut,30,app,2,0,0,0,1,0
APT-0142,2024-06-17,Monday,9,B01,haircut,30,app,2,1,2,5,0,1
APT-0143,2024-06-18,Tuesday,13,B02,combo,45,phone,1,0,0,0,0,0
APT-0144,2024-06-19,Wednesday,14,B01,haircut,30,app,6,1,0,7,1,0
APT-0145,2024-06-22,Saturday,10,B01,combo,45,app,6,1,0,13,1,0
APT-0146,2024-06-24,Monday,11,B02,beard_trim,20,walk-in,6,0,0,0,1,0
APT-0147,2024-06-27,Thursday,12,B01,beard_trim,20,walk-in,8,0,0,0,1,1
APT-0148,2024-06-27,Thursday,15,B03,beard_trim,20,app,3,1,1,13,1,0
APT-0149,2024-06-27,Thursday,18,B04,combo,45,app,11,0,0,0,1,0
APT-0150,2024-06-29,Saturday,17,B03,haircut,30,phone,8,1,0,15,0,0
APT-0151,2024-06-29,Saturday,10,B01,haircut,30,walk-in,9,1,0,11,1,0
APT-0152,2024-07-01,Monday,9,B01,beard_trim,20,walk-in,7,0,0,0,1,0
APT-0153,2024-07-03,Wednesday,9,B01,haircut,30,app,3,1,1,7,1,1
APT-0154,2024-07-03,Wednesday,14,B01,haircut,30,app,3,0,0,0,1,0
APT-0155,2024-07-04,Thursday,10,B04,haircut,30,app,4,0,0,0,0,0
APT-0156,2024-07-05,Friday,11,B02,haircut,30,walk-in,1,1,1,14,1,0
APT-0157,2024-07-05,Friday,17,B01,haircut,30,walk-in,4,1,0,15,1,0
APT-0158,2024-07-06,Saturday,17,B03,haircut,30,app,0,1,1,1,0,0
APT-0159,2024-07-06,Saturday,17,B02,combo,45,phone,0,0,0,0,0,1
APT-0160,2024-07-08,Monday,11,B01,haircut,30,app,12,1,0,7,1,0
APT-0161,2024-07-09,Tuesday,15,B01,combo,45,phone,7,1,2,16,1,1
APT-0162,2024-07-10,Wednesday,15,B03,combo,45,walk-in,5,1,0,9,1,0
APT-0163,2024-07-10,Wednesday,10,B03,haircut,30,phone,3,1,0,11,0,0
APT-0164,2024-07-12,Friday,14,B01,beard_trim,20,app,5,1,0,7,1,0
APT-0165,2024-07-13,Saturday,14,B04,beard_trim,20,phone,11,0,0,0,0,1
APT-0166,2024-07-15,Monday,12,B04,beard_trim,20,app,6,1,2,3,0,1
APT-0167,2024-07-16,Tuesday,16,B03,haircut,30,walk-in,6,1,1,18,1,0
APT-0168,2024-07-18,Thursday,15,B01,haircut,30,app,4,1,2,4,1,1
APT-0169,2024-07-18,Thursday,14,B01,haircut,30,walk-in,3,1,0,17,1,0
APT-0170,2024-07-19,Friday,16,B04,beard_trim,20,app,7,1,0,1,1,0
APT-0171,2024-07-19,Friday,16,B02,combo,45,app,14,1,0,1,0,0
APT-0172,2024-07-19,Friday,14,B03,beard_trim,20,app,4,0,0,0,0,1
APT-0173,2024-07-22,Monday,11,B03,beard_trim,20,app,4,1,1,11,1,0
APT-0174,2024-07-22,Monday,16,B01,combo,45,app,4,1,0,6,0,0
APT-0175,2024-07-22,Monday,16,B03,beard_trim,20,phone,4,1,2,12,0,1
APT-0176,2024-07-24,Wednesday,18,B04,haircut,30,app,14,1,2,16,1,1
APT-0177,2024-07-26,Friday,10,B03,combo,45,app,7,0,0,0,0,1
APT-0178,2024-07-26,Friday,13,B02,haircut,30,app,3,1,0,11,1,0
APT-0179,2024-07-27,Saturday,18,B04,haircut,30,app,3,1,1,15,1,0
APT-0180,2024-07-27,Saturday,14,B02,beard_trim,20,walk-in,4,1,1,9,0,0
APT-0181,2024-07-27,Saturday,18,B03,combo,45,walk-in,0,1,2,18,1,1
APT-0182,2024-07-29,Monday,9,B03,haircut,30,app,5,1,1,13,1,0
APT-0183,2024-07-29,Monday,9,B03,haircut,30,phone,9,1,1,1,1,1
APT-0184,2024-07-29,Monday,16,B01,haircut,30,phone,7,1,0,11,0,1
APT-0185,2024-07-30,Tuesday,12,B01,haircut,30,walk-in,2,0,0,0,1,0
APT-0186,2024-07-30,Tuesday,14,B01,haircut,30,app,7,1,1,3,0,0
APT-0187,2024-08-01,Thursday,13,B02,beard_trim,20,app,7,1,2,19,1,0
APT-0188,2024-08-01,Thursday,13,B02,combo,45,phone,2,1,1,5,0,1
APT-0189,2024-08-03,Saturday,18,B02,haircut,30,walk-in,6,1,0,2,1,0
APT-0190,2024-08-03,Saturday,9,B02,haircut,30,phone,6,1,0,5,0,1
APT-0191,2024-08-05,Monday,16,B03,haircut,30,phone,9,0,0,0,1,1
APT-0192,2024-08-05,Monday,17,B04,haircut,30,app,1,1,0,12,1,0
APT-0193,2024-08-07,Wednesday,15,B01,beard_trim,20,phone,2,1,2,16,1,0
APT-0194,2024-08-09,Friday,12,B03,beard_trim,20,walk-in,4,0,0,0,1,0
APT-0195,2024-08-12,Monday,10,B03,beard_trim,20,app,0,0,0,0,1,0
APT-0196,2024-08-12,Monday,15,B02,haircut,30,phone,4,1,0,8,1,0
APT-0197,2024-08-13,Tuesday,13,B01,beard_trim,20,app,8,0,0,0,1,0
APT-0198,2024-08-13,Tuesday,10,B03,haircut,30,phone,1,1,1,11,1,0
APT-0199,2024-08-15,Thursday,12,B04,haircut,30,phone,4,0,0,0,0,0
APT-0200,2024-08-15,Thursday,18,B03,combo,45,phone,14,1,1,19,1,0
APT-0201,2024-08-15,Thursday,11,B04,beard_trim,20,walk-in,5,0,0,0,0,0
APT-0202,2024-08-17,Saturday,10,B04,combo,45,app,5,1,0,6,0,0
APT-0203,2024-08-19,Monday,15,B02,combo,45,app,5,1,2,19,0,0
APT-0204,2024-08-20,Tuesday,10,B03,beard_trim,20,app,2,1,2,10,1,1
APT-0205,2024-08-20,Tuesday,18,B02,combo,45,app,1,1,2,4,1,0
APT-0206,2024-08-23,Friday,17,B04,haircut,30,app,7,1,2,10,1,0
APT-0207,2024-08-23,Friday,18,B01,haircut,30,app,4,0,0,0,0,1
APT-0208,2024-08-23,Friday,18,B02,haircut,30,app,3,1,2,14,1,1
APT-0209,2024-08-27,Tuesday,11,B04,haircut,30,app,0,1,2,11,1,0
APT-0210,2024-08-28,Wednesday,11,B01,haircut,30,app,10,1,1,14,1,0
APT-0211,2024-08-29,Thursday,12,B03,haircut,30,phone,0,1,2,18,0,0
APT-0212,2024-08-31,Saturday,13,B02,beard_trim,20,app,8,1,1,14,1,0
APT-0213,2024-09-02,Monday,17,B04,beard_trim,20,phone,3,1,0,7,1,0
APT-0214,2024-09-02,Monday,16,B04,beard_trim,20,walk-in,6,0,0,0,1,0
APT-0215,2024-09-02,Monday,15,B02,haircut,30,phone,2,0,0,0,1,0
APT-0216,2024-09-02,Monday,17,B03,beard_trim,20,app,2,0,0,0,0,1
APT-0217,2024-09-02,Monday,15,B02,haircut,30,app,5,1,1,6,1,0
APT-0218,2024-09-03,Tuesday,12,B03,haircut,30,phone,7,1,1,16,0,0
APT-0219,2024-09-03,Tuesday,13,B03,haircut,30,phone,2,1,0,18,1,0
APT-0220,2024-09-03,Tuesday,14,B03,haircut,30,app,4,1,2,8,1,0
APT-0221,2024-09-04,Wednesday,9,B01,haircut,30,app,4,0,0,0,0,0
APT-0222,2024-09-05,Thursday,16,B01,combo,45,phone,2,1,2,19,1,0
APT-0223,2024-09-06,Friday,15,B03,beard_trim,20,app,5,0,0,0,0,0
APT-0224,2024-09-07,Saturday,16,B02,beard_trim,20,phone,1,1,1,7,0,1
APT-0225,2024-09-09,Monday,14,B02,haircut,30,app,5,1,1,15,1,0
APT-0226,2024-09-09,Monday,16,B01,combo,45,app,1,1,2,10,1,1
APT-0227,2024-09-10,Tuesday,18,B02,beard_trim,20,walk-in,4,0,0,0,1,0
APT-0228,2024-09-10,Tuesday,14,B04,haircut,30,app,3,0,0,0,1,0
APT-0229,2024-09-11,Wednesday,13,B01,beard_trim,20,phone,4,1,1,2,0,0
APT-0230,2024-09-13,Friday,10,B02,haircut,30,app,4,0,0,0,1,0
APT-0231,2024-09-16,Monday,16,B04,haircut,30,app,11,1,2,8,1,0
APT-0232,2024-09-16,Monday,18,B01,haircut,30,walk-in,4,1,1,17,0,0
APT-0233,2024-09-17,Tuesday,15,B03,beard_trim,20,app,9,0,0,0,1,1
APT-0234,2024-09-17,Tuesday,17,B01,haircut,30,app,2,0,0,0,1,0
APT-0235,2024-09-21,Saturday,17,B04,haircut,30,walk-in,3,1,0,3,0,0
APT-0236,2024-09-23,Monday,16,B03,haircut,30,phone,1,1,2,11,1,0
APT-0237,2024-09-23,Monday,14,B04,combo,45,phone,4,1,0,19,1,0
APT-0238,2024-09-23,Monday,9,B01,haircut,30,app,7,1,0,12,0,0
APT-0239,2024-09-24,Tuesday,9,B02,haircut,30,app,9,0,0,0,1,0
APT-0240,2024-09-25,Wednesday,11,B03,haircut,30,phone,5,1,2,17,0,0
APT-0241,2024-09-26,Thursday,13,B01,combo,45,app,6,1,2,12,0,0
APT-0242,2024-09-26,Thursday,16,B01,beard_trim,20,app,2,1,2,12,1,1
APT-0243,2024-09-26,Thursday,13,B01,combo,45,phone,0,1,2,5,1,0
APT-0244,2024-09-27,Friday,9,B04,haircut,30,app,9,1,0,19,0,1
APT-0245,2024-09-27,Friday,11,B03,haircut,30,app,2,1,2,15,1,0
APT-0246,2024-09-28,Saturday,18,B03,beard_trim,20,app,1,1,1,17,1,1
APT-0247,2024-09-30,Monday,18,B03,haircut,30,app,12,1,0,19,1,0
APT-0248,2024-09-30,Monday,12,B02,combo,45,phone,13,1,1,7,1,0
APT-0249,2024-10-01,Tuesday,17,B02,combo,45,walk-in,6,0,0,0,1,1
APT-0250,2024-10-03,Thursday,16,B02,haircut,30,app,3,1,0,17,1,0
APT-0251,2024-10-03,Thursday,18,B03,combo,45,app,9,1,1,9,1,0
APT-0252,2024-10-09,Wednesday,17,B01,beard_trim,20,phone,2,0,0,0,1,1
APT-0253,2024-10-09,Wednesday,15,B04,haircut,30,app,4,1,1,14,1,0
APT-0254,2024-10-09,Wednesday,12,B03,haircut,30,phone,3,1,0,5,1,0
APT-0255,2024-10-11,Friday,15,B02,haircut,30,walk-in,11,1,2,7,0,0
APT-0256,2024-10-14,Monday,12,B02,combo,45,phone,11,1,1,12,0,0
APT-0257,2024-10-15,Tuesday,12,B01,haircut,30,app,6,0,0,0,1,1
APT-0258,2024-10-16,Wednesday,15,B04,haircut,30,walk-in,1,0,0,0,1,0
APT-0259,2024-10-16,Wednesday,14,B04,beard_trim,20,app,4,0,0,0,1,0
APT-0260,2024-10-17,Thursday,14,B04,haircut,30,walk-in,2,1,2,13,1,0
APT-0261,2024-10-17,Thursday,12,B02,haircut,30,phone,11,1,0,1,0,1
APT-0262,2024-10-17,Thursday,13,B01,beard_trim,20,phone,1,1,1,2,0,0
APT-0263,2024-10-18,Friday,9,B01,haircut,30,walk-in,1,0,0,0,1,0
APT-0264,2024-10-19,Saturday,15,B01,haircut,30,phone,7,0,0,0,1,1
APT-0265,2024-10-21,Monday,14,B01,haircut,30,app,4,1,1,1,1,0
APT-0266,2024-10-24,Thursday,18,B01,haircut,30,app,9,0,0,0,0,1
APT-0267,2024-10-25,Friday,14,B04,haircut,30,phone,1,1,0,3,1,0
APT-0268,2024-10-25,Friday,13,B01,beard_trim,20,phone,9,1,2,12,1,0
APT-0269,2024-10-26,Saturday,9,B01,combo,45,app,0,1,0,1,0,0
APT-0270,2024-10-26,Saturday,10,B03,haircut,30,phone,0,1,1,1,0,1
APT-0271,2024-10-30,Wednesday,12,B02,combo,45,phone,4,0,0,0,1,1
APT-0272,2024-10-30,Wednesday,12,B03,beard_trim,20,app,2,0,0,0,1,0
APT-0273,2024-11-01,Friday,12,B03,beard_trim,20,app,6,0,0,0,1,0
APT-0274,2024-11-01,Friday,12,B04,beard_trim,20,app,0,1,1,10,1,0
APT-0275,2024-11-02,Saturday,16,B03,beard_trim,20,app,0,1,1,16,1,0
APT-0276,2024-11-04,Monday,10,B02,combo,45,app,7,1,0,12,0,0
APT-0277,2024-11-06,Wednesday,12,B03,haircut,30,app,2,0,0,0,1,0
APT-0278,2024-11-06,Wednesday,10,B02,beard_trim,20,app,6,1,1,6,1,0
APT-0279,2024-11-07,Thursday,12,B02,haircut,30,app,8,0,0,0,1,0
APT-0280,2024-11-07,Thursday,15,B02,haircut,30,phone,1,1,1,3,1,1
APT-0281,2024-11-09,Saturday,9,B01,beard_trim,20,app,8,1,2,12,1,0
APT-0282,2024-11-11,Monday,12,B03,haircut,30,walk-in,2,0,0,0,0,0
APT-0283,2024-11-13,Wednesday,9,B01,haircut,30,walk-in,3,1,1,1,1,0
APT-0284,2024-11-13,Wednesday,18,B01,haircut,30,phone,1,0,0,0,1,0
APT-0285,2024-11-14,Thursday,16,B01,haircut,30,walk-in,9,1,1,14,0,0
APT-0286,2024-11-14,Thursday,11,B03,beard_trim,20,walk-in,5,1,1,5,1,1
APT-0287,2024-11-15,Friday,10,B02,beard_trim,20,app,5,1,0,1,1,0
APT-0288,2024-11-16,Saturday,9,B03,haircut,30,phone,13,1,1,13,0,0
APT-0289,2024-11-18,Monday,13,B04,haircut,30,app,3,1,0,11,1,0
APT-0290,2024-11-20,Wednesday,16,B01,haircut,30,phone,11,0,0,0,1,0
APT-0291,2024-11-23,Saturday,14,B03,haircut,30,phone,7,1,0,19,1,0
APT-0292,2024-11-25,Monday,17,B02,beard_trim,20,app,12,1,2,14,1,1
APT-0293,2024-11-26,Tuesday,12,B01,beard_trim,20,app,11,0,0,0,1,0
APT-0294,2024-11-28,Thursday,11,B03,haircut,30,walk-in,14,1,0,5,1,0
APT-0295,2024-12-02,Monday,13,B04,haircut,30,app,1,1,1,6,1,0
APT-0296,2024-12-03,Tuesday,11,B01,combo,45,app,9,1,2,9,0,1
APT-0297,2024-12-03,Tuesday,18,B02,beard_trim,20,app,9,0,0,0,1,0
APT-0298,2024-12-04,Wednesday,10,B01,haircut,30,phone,6,1,1,7,0,0
APT-0299,2024-12-06,Friday,13,B02,haircut,30,walk-in,3,1,1,5,1,0
APT-0300,2024-12-06,Friday,14,B03,haircut,30,phone,13,0,0,0,1,0
APT-0301,2024-12-07,Saturday,9,B03,combo,45,app,2,0,0,0,1,0
APT-0302,2024-12-10,Tuesday,13,B03,haircut,30,app,5,1,2,7,1,0
APT-0303,2024-12-11,Wednesday,13,B01,haircut,30,app,5,1,0,8,1,0
APT-0304,2024-12-13,Friday,11,B03,combo,45,phone,2,1,1,7,1,0
APT-0305,2024-12-16,Monday,10,B03,beard_trim,20,walk-in,7,0,0,0,0,1
APT-0306,2024-12-16,Monday,9,B03,haircut,30,phone,1,1,0,10,1,0
APT-0307,2024-12-17,Tuesday,9,B01,haircut,30,app,7,1,1,4,0,0
APT-0308,2024-12-19,Thursday,13,B02,haircut,30,phone,10,0,0,0,1,1
APT-0309,2024-12-19,Thursday,9,B02,beard_trim,20,app,3,1,0,14,1,0
APT-0310,2024-12-19,Thursday,18,B01,haircut,30,phone,7,0,0,0,1,0
APT-0311,2024-12-20,Friday,11,B01,combo,45,phone,2,0,0,0,0,1
APT-0312,2024-12-20,Friday,15,B02,combo,45,phone,10,1,2,18,1,0
APT-0313,2024-12-20,Friday,15,B03,beard_trim,20,phone,13,1,1,15,1,0
APT-0314,2024-12-21,Saturday,13,B01,beard_trim,20,walk-in,2,0,0,0,1,0
APT-0315,2024-12-28,Saturday,17,B03,haircut,30,app,7,1,0,4,1,0
APT-0316,2024-12-31,Tuesday,10,B02,haircut,30,app,5,0,0,0,1,0
APT-0317,2025-01-01,Wednesday,11,B03,beard_trim,20,app,5,1,1,6,0,0
APT-0318,2025-01-10,Friday,11,B02,haircut,30,phone,7,1,1,5,1,0
APT-0319,2025-01-13,Monday,10,B02,haircut,30,phone,4,1,1,4,1,0
APT-0320,2025-01-16,Thursday,11,B03,haircut,30,phone,6,1,0,8,0,0
APT-0321,2025-01-18,Saturday,12,B04,haircut,30,phone,2,1,1,1,1,1
APT-0322,2025-01-20,Monday,16,B02,haircut,30,app,3,1,0,7,1,0
APT-0323,2025-01-23,Thursday,12,B02,beard_trim,20,phone,10,0,0,0,1,0
APT-0324,2025-01-27,Monday,17,B03,combo,45,phone,1,0,0,0,1,1
APT-0325,2025-01-30,Thursday,16,B03,beard_trim,20,app,6,1,0,1,1,0
APT-0326,2025-02-01,Saturday,18,B01,combo,45,app,2,0,0,0,1,0
APT-0327,2025-02-01,Saturday,10,B02,haircut,30,app,10,1,1,19,1,0
APT-0328,2025-02-04,Tuesday,18,B02,combo,45,app,5,0,0,0,1,0
APT-0329,2025-02-06,Thursday,15,B04,beard_trim,20,phone,4,1,1,8,1,1
APT-0330,2025-02-07,Friday,18,B02,haircut,30,walk-in,2,0,0,0,1,0
APT-0331,2025-02-07,Friday,12,B02,combo,45,phone,4,1,0,5,1,1
APT-0332,2025-02-11,Tuesday,18,B04,haircut,30,app,13,1,0,8,0,0
APT-0333,2025-02-11,Tuesday,14,B02,haircut,30,phone,5,0,0,0,0,0
APT-0334,2025-02-12,Wednesday,9,B01,haircut,30,phone,4,1,1,12,1,1
APT-0335,2025-02-13,Thursday,13,B01,haircut,30,app,8,1,2,9,1,1
APT-0336,2025-02-13,Thursday,10,B01,haircut,30,walk-in,3,0,0,0,1,0
APT-0337,2025-02-14,Friday,18,B01,beard_trim,20,app,4,0,0,0,1,0
APT-0338,2025-02-15,Saturday,12,B02,combo,45,app,3,1,2,4,1,1
APT-0339,2025-02-17,Monday,11,B03,haircut,30,app,2,1,0,14,1,0
APT-0340,2025-02-17,Monday,14,B03,beard_trim,20,app,7,0,0,0,1,0
APT-0341,2025-02-18,Tuesday,13,B01,haircut,30,walk-in,10,1,2,6,1,0
APT-0342,2025-02-18,Tuesday,9,B02,combo,45,app,11,0,0,0,0,0
APT-0343,2025-02-19,Wednesday,17,B01,haircut,30,app,11,0,0,0,1,0
APT-0344,2025-02-20,Thursday,17,B04,haircut,30,app,4,1,1,13,0,0
APT-0345,2025-02-21,Friday,16,B01,beard_trim,20,app,3,0,0,0,1,0
APT-0346,2025-02-21,Friday,15,B03,beard_trim,20,app,6,0,0,0,1,0
APT-0347,2025-02-22,Saturday,13,B02,beard_trim,20,app,13,1,1,6,1,0
APT-0348,2025-02-24,Monday,14,B03,beard_trim,20,phone,7,0,0,0,1,0
APT-0349,2025-02-24,Monday,14,B02,beard_trim,20,app,5,0,0,0,1,0
APT-0350,2025-02-24,Monday,10,B03,haircut,30,phone,7,1,0,18,0,0
APT-0351,2025-02-26,Wednesday,9,B01,haircut,30,app,8,1,0,19,1,0
APT-0352,2025-02-26,Wednesday,11,B04,haircut,30,phone,11,1,2,19,0,1
APT-0353,2025-02-27,Thursday,13,B02,haircut,30,walk-in,8,1,0,3,1,0
APT-0354,2025-02-27,Thursday,10,B03,haircut,30,app,4,1,0,10,1,0
APT-0355,2025-03-03,Monday,10,B03,haircut,30,app,3,0,0,0,1,0
APT-0356,2025-03-03,Monday,17,B04,haircut,30,walk-in,5,1,0,10,1,0
APT-0357,2025-03-04,Tuesday,12,B01,beard_trim,20,phone,3,0,0,0,1,0
APT-0358,2025-03-05,Wednesday,14,B01,haircut,30,phone,12,0,0,0,1,0
APT-0359,2025-03-06,Thursday,14,B01,beard_trim,20,app,5,1,2,7,0,0
APT-0360,2025-03-06,Thursday,16,B01,beard_trim,20,app,4,1,1,1,1,0
APT-0361,2025-03-06,Thursday,16,B02,haircut,30,phone,3,1,0,9,1,0
APT-0362,2025-03-07,Friday,11,B04,haircut,30,walk-in,6,0,0,0,1,0
APT-0363,2025-03-07,Friday,17,B04,beard_trim,20,app,5,0,0,0,1,0
APT-0364,2025-03-10,Monday,12,B02,beard_trim,20,phone,1,1,2,2,0,0
APT-0365,2025-03-11,Tuesday,17,B03,haircut,30,phone,10,1,2,12,0,0
APT-0366,2025-03-13,Thursday,13,B04,haircut,30,app,3,1,1,8,1,0
APT-0367,2025-03-13,Thursday,10,B04,beard_trim,20,app,4,0,0,0,0,0
APT-0368,2025-03-14,Friday,16,B01,beard_trim,20,app,2,0,0,0,1,0
APT-0369,2025-03-14,Friday,9,B02,haircut,30,app,5,1,1,5,1,0
APT-0370,2025-03-20,Thursday,16,B03,haircut,30,phone,7,1,0,15,1,0
APT-0371,2025-03-21,Friday,9,B02,combo,45,app,11,0,0,0,1,0
APT-0372,2025-03-21,Friday,11,B02,haircut,30,app,1,0,0,0,1,0
APT-0373,2025-03-24,Monday,15,B04,combo,45,phone,13,0,0,0,1,0
APT-0374,2025-03-24,Monday,18,B04,haircut,30,phone,7,0,0,0,1,0
APT-0375,2025-03-27,Thursday,13,B04,beard_trim,20,phone,3,1,0,15,1,0
APT-0376,2025-03-29,Saturday,10,B03,haircut,30,phone,2,0,0,0,1,0
APT-0377,2025-04-02,Wednesday,11,B01,haircut,30,app,3,1,2,8,1,1
APT-0378,2025-04-04,Friday,17,B02,combo,45,phone,10,1,0,15,1,1
APT-0379,2025-04-05,Saturday,16,B02,haircut,30,app,3,1,1,10,1,0
APT-0380,2025-04-07,Monday,10,B02,combo,45,app,4,1,1,13,0,0
APT-0381,2025-04-07,Monday,12,B02,haircut,30,app,7,0,0,0,0,0
APT-0382,2025-04-10,Thursday,11,B03,combo,45,phone,10,0,0,0,1,0
APT-0383,2025-04-11,Friday,10,B02,combo,45,phone,6,0,0,0,1,1
APT-0384,2025-04-11,Friday,17,B03,beard_trim,20,app,8,1,0,6,0,0
APT-0385,2025-04-12,Saturday,15,B02,haircut,30,walk-in,2,0,0,0,0,0
APT-0386,2025-04-12,Saturday,10,B02,beard_trim,20,walk-in,10,1,2,10,1,0
APT-0387,2025-04-16,Wednesday,15,B01,beard_trim,20,app,3,0,0,0,1,0
APT-0388,2025-04-16,Wednesday,13,B01,combo,45,phone,1,0,0,0,1,1
APT-0389,2025-04-16,Wednesday,9,B04,haircut,30,app,13,1,2,14,0,0
APT-0390,2025-04-18,Friday,13,B02,haircut,30,walk-in,2,1,2,10,1,0
APT-0391,2025-04-19,Saturday,10,B01,haircut,30,app,1,1,1,5,1,0
APT-0392,2025-04-19,Saturday,11,B03,beard_trim,20,app,6,1,0,3,1,0
APT-0393,2025-04-22,Tuesday,17,B02,combo,45,app,3,0,0,0,1,0
APT-0394,2025-04-25,Friday,16,B01,haircut,30,app,1,0,0,0,1,0
APT-0395,2025-04-26,Saturday,10,B02,beard_trim,20,phone,6,1,0,6,1,0
APT-0396,2025-04-26,Saturday,17,B01,combo,45,phone,8,1,1,5,1,1
APT-0397,2025-04-28,Monday,14,B03,haircut,30,app,9,1,2,6,1,0
APT-0398,2025-04-29,Tuesday,17,B01,haircut,30,phone,2,0,0,0,1,0
APT-0399,2025-04-30,Wednesday,16,B01,beard_trim,20,walk-in,5,1,0,15,1,0
APT-0400,2025-04-30,Wednesday,12,B01,beard_trim,20,phone,9,0,0,0,1,0
APT-0401,2025-05-02,Friday,14,B02,haircut,30,phone,2,1,2,9,1,0
APT-0402,2025-05-02,Friday,14,B01,combo,45,app,2,1,0,4,0,0
APT-0403,2025-05-03,Saturday,16,B03,beard_trim,20,app,0,1,2,11,0,0
APT-0404,2025-05-06,Tuesday,11,B01,combo,45,walk-in,5,1,1,19,1,0
APT-0405,2025-05-06,Tuesday,12,B03,combo,45,phone,2,1,1,15,1,1
APT-0406,2025-05-07,Wednesday,11,B02,combo,45,phone,7,0,0,0,1,1
APT-0407,2025-05-08,Thursday,11,B02,beard_trim,20,walk-in,13,1,1,6,0,0
APT-0408,2025-05-09,Friday,10,B01,haircut,30,app,2,1,1,7,1,0
APT-0409,2025-05-10,Saturday,9,B03,beard_trim,20,phone,6,1,0,1,0,0
APT-0410,2025-05-12,Monday,18,B04,haircut,30,app,2,1,1,1,1,1
APT-0411,2025-05-13,Tuesday,9,B01,beard_trim,20,app,0,1,2,15,1,0
APT-0412,2025-05-13,Tuesday,17,B01,haircut,30,phone,8,0,0,0,1,0
APT-0413,2025-05-14,Wednesday,9,B04,beard_trim,20,app,4,1,0,19,1,1
APT-0414,2025-05-14,Wednesday,16,B02,haircut,30,walk-in,12,1,2,12,0,0
APT-0415,2025-05-16,Friday,12,B01,haircut,30,app,5,1,1,18,1,0
APT-0416,2025-05-19,Monday,14,B01,haircut,30,walk-in,2,1,2,8,1,0
APT-0417,2025-05-19,Monday,11,B03,beard_trim,20,phone,4,1,2,5,1,1
APT-0418,2025-05-20,Tuesday,13,B03,beard_trim,20,phone,2,0,0,0,0,0
APT-0419,2025-05-20,Tuesday,13,B02,haircut,30,walk-in,10,1,0,5,1,0
APT-0420,2025-05-20,Tuesday,14,B04,combo,45,app,7,1,0,15,0,0
APT-0421,2025-05-21,Wednesday,12,B02,combo,45,app,3,1,1,1,0,1
APT-0422,2025-05-22,Thursday,14,B02,haircut,30,app,5,1,0,18,0,0
APT-0423,2025-05-22,Thursday,17,B02,beard_trim,20,app,7,1,1,15,0,0
APT-0424,2025-05-24,Saturday,13,B02,haircut,30,walk-in,8,1,2,8,0,0
APT-0425,2025-05-27,Tuesday,12,B01,haircut,30,phone,1,1,1,14,1,0
APT-0426,2025-05-29,Thursday,10,B01,beard_trim,20,app,0,0,0,0,0,0
APT-0427,2025-05-29,Thursday,12,B02,haircut,30,app,1,0,0,0,1,0
APT-0428,2025-05-31,Saturday,10,B03,combo,45,phone,4,1,0,3,1,1
APT-0429,2025-06-02,Monday,10,B01,combo,45,phone,4,0,0,0,1,0
APT-0430,2025-06-03,Tuesday,18,B02,combo,45,app,1,1,0,1,1,0
APT-0431,2025-06-03,Tuesday,9,B03,beard_trim,20,phone,4,0,0,0,1,1
APT-0432,2025-06-04,Wednesday,13,B03,beard_trim,20,phone,4,1,2,15,0,0
APT-0433,2025-06-05,Thursday,17,B03,combo,45,phone,1,0,0,0,1,0
APT-0434,2025-06-07,Saturday,18,B03,haircut,30,app,11,0,0,0,1,0
APT-0435,2025-06-07,Saturday,10,B03,haircut,30,phone,6,1,2,19,1,1
APT-0436,2025-06-07,Saturday,10,B01,beard_trim,20,app,3,0,0,0,1,1
APT-0437,2025-06-09,Monday,12,B02,haircut,30,app,5,0,0,0,1,0
APT-0438,2025-06-09,Monday,14,B03,haircut,30,phone,3,0,0,0,1,0
APT-0439,2025-06-09,Monday,18,B01,haircut,30,phone,10,0,0,0,1,0
APT-0440,2025-06-11,Wednesday,11,B01,beard_trim,20,app,5,1,1,4,1,0
APT-0441,2025-06-12,Thursday,10,B01,haircut,30,walk-in,5,0,0,0,1,0
APT-0442,2025-06-12,Thursday,11,B02,haircut,30,app,11,1,1,19,1,0
APT-0443,2025-06-12,Thursday,17,B02,haircut,30,phone,9,1,2,17,1,0
APT-0444,2025-06-12,Thursday,9,B01,haircut,30,walk-in,9,1,2,7,1,1
APT-0445,2025-06-13,Friday,12,B03,combo,45,phone,2,1,1,2,1,0
APT-0446,2025-06-13,Friday,10,B04,haircut,30,walk-in,2,0,0,0,0,0
APT-0447,2025-06-16,Monday,10,B01,beard_trim,20,phone,7,1,1,1,0,0
APT-0448,2025-06-18,Wednesday,18,B04,beard_trim,20,phone,4,1,2,14,1,0
APT-0449,2025-06-18,Wednesday,9,B01,haircut,30,phone,7,0,0,0,0,0
APT-0450,2025-06-19,Thursday,12,B04,combo,45,phone,8,1,1,1,1,0
APT-0451,2025-06-20,Friday,18,B04,beard_trim,20,app,3,1,1,19,1,0
APT-0452,2025-06-20,Friday,15,B01,beard_trim,20,phone,3,1,2,16,1,0
APT-0453,2025-06-23,Monday,9,B03,haircut,30,app,5,1,0,18,1,0
APT-0454,2025-06-25,Wednesday,13,B04,haircut,30,walk-in,3,0,0,0,1,1
APT-0455,2025-06-26,Thursday,18,B04,combo,45,app,7,1,1,1,1,0
APT-0456,2025-06-27,Friday,13,B04,beard_trim,20,app,8,1,0,15,0,0
APT-0457,2025-06-27,Friday,14,B02,combo,45,walk-in,4,1,0,15,1,1
APT-0458,2025-06-28,Saturday,14,B01,combo,45,app,7,0,0,0,0,0
APT-0459,2025-07-01,Tuesday,15,B03,haircut,30,app,5,0,0,0,1,0
APT-0460,2025-07-01,Tuesday,10,B03,beard_trim,20,phone,7,1,1,8,1,0
APT-0461,2025-07-02,Wednesday,17,B03,haircut,30,app,2,0,0,0,1,0
APT-0462,2025-07-03,Thursday,18,B02,beard_trim,20,app,8,0,0,0,1,0
APT-0463,2025-07-03,Thursday,10,B02,haircut,30,phone,7,1,0,13,1,0
APT-0464,2025-07-04,Friday,17,B01,haircut,30,app,2,1,1,16,1,0
APT-0465,2025-07-04,Friday,17,B03,beard_trim,20,app,5,0,0,0,1,0
APT-0466,2025-07-07,Monday,16,B01,beard_trim,20,app,10,1,2,12,1,0
APT-0467,2025-07-07,Monday,12,B03,beard_trim,20,app,2,1,2,15,0,1
APT-0468,2025-07-07,Monday,13,B03,haircut,30,app,8,1,1,18,1,0
APT-0469,2025-07-08,Tuesday,17,B02,haircut,30,app,13,0,0,0,0,0
APT-0470,2025-07-08,Tuesday,10,B02,combo,45,phone,10,0,0,0,1,0
APT-0471,2025-07-09,Wednesday,17,B02,haircut,30,phone,4,1,1,5,1,0
APT-0472,2025-07-09,Wednesday,18,B04,haircut,30,app,6,0,0,0,0,1
APT-0473,2025-07-10,Thursday,15,B03,beard_trim,20,app,14,1,1,7,1,0
APT-0474,2025-07-12,Saturday,12,B02,haircut,30,walk-in,5,0,0,0,0,1
APT-0475,2025-07-12,Saturday,14,B01,beard_trim,20,phone,1,1,0,5,0,0
APT-0476,2025-07-14,Monday,9,B01,haircut,30,app,0,1,2,13,0,1
APT-0477,2025-07-15,Tuesday,18,B02,combo,45,phone,9,1,0,3,0,1
APT-0478,2025-07-16,Wednesday,12,B04,combo,45,app,4,1,1,15,1,0
APT-0479,2025-07-16,Wednesday,9,B03,combo,45,walk-in,2,1,2,13,1,0
APT-0480,2025-07-16,Wednesday,16,B01,beard_trim,20,walk-in,3,1,2,19,1,0
APT-0481,2025-07-18,Friday,15,B04,haircut,30,walk-in,8,1,1,1,1,0
APT-0482,2025-07-19,Saturday,15,B02,beard_trim,20,app,4,1,0,6,1,0
APT-0483,2025-07-23,Wednesday,9,B04,combo,45,app,10,1,2,18,1,0
APT-0484,2025-07-24,Thursday,16,B01,beard_trim,20,app,8,1,2,10,1,0
APT-0485,2025-07-24,Thursday,15,B03,beard_trim,20,app,13,1,1,11,0,1
APT-0486,2025-07-28,Monday,16,B04,beard_trim,20,app,11,0,0,0,1,0
APT-0487,2025-07-29,Tuesday,17,B01,beard_trim,20,phone,2,1,0,15,1,0
APT-0488,2025-07-29,Tuesday,11,B03,beard_trim,20,app,6,1,1,5,0,1
APT-0489,2025-07-31,Thursday,11,B04,haircut,30,walk-in,0,1,1,19,1,1
APT-0490,2025-08-01,Friday,18,B01,haircut,30,app,14,1,2,8,1,0
APT-0491,2025-08-02,Saturday,14,B01,beard_trim,20,app,2,1,2,4,1,0
APT-0492,2025-08-04,Monday,13,B03,haircut,30,walk-in,7,1,0,12,1,1
APT-0493,2025-08-06,Wednesday,11,B02,combo,45,phone,10,0,0,0,1,1
APT-0494,2025-08-07,Thursday,15,B01,beard_trim,20,app,2,1,0,9,1,0
APT-0495,2025-08-07,Thursday,16,B02,haircut,30,phone,10,0,0,0,1,0
APT-0496,2025-08-08,Friday,9,B03,combo,45,app,0,0,0,0,0,0
APT-0497,2025-08-08,Friday,14,B01,beard_trim,20,app,4,0,0,0,1,0
APT-0498,2025-08-08,Friday,18,B02,beard_trim,20,phone,4,1,2,12,1,1
APT-0499,2025-08-11,Monday,11,B03,haircut,30,app,3,0,0,0,1,0
APT-0500,2025-08-15,Friday,11,B02,combo,45,phone,6,1,0,16,1,0
APT-0501,2025-08-15,Friday,17,B03,haircut,30,app,11,1,1,5,1,0
APT-0502,2025-08-16,Saturday,9,B02,beard_trim,20,phone,3,1,0,5,1,0
APT-0503,2025-08-16,Saturday,12,B04,haircut,30,phone,5,0,0,0,0,0
APT-0504,2025-08-19,Tuesday,13,B03,beard_trim,20,app,10,0,0,0,1,0
APT-0505,2025-08-21,Thursday,16,B01,beard_trim,20,app,8,1,1,12,0,0
APT-0506,2025-08-22,Friday,10,B04,beard_trim,20,app,0,1,1,14,1,0
APT-0507,2025-08-23,Saturday,13,B02,haircut,30,phone,12,1,0,18,0,0
APT-0508,2025-08-23,Saturday,10,B01,combo,45,phone,0,1,1,15,1,0
APT-0509,2025-08-26,Tuesday,16,B01,beard_trim,20,phone,6,1,1,7,1,1
APT-0510,2025-08-29,Friday,15,B03,haircut,30,app,5,1,0,16,1,0
APT-0511,2025-08-30,Saturday,13,B01,combo,45,app,8,1,2,4,1,0
APT-0512,2025-08-30,Saturday,12,B01,beard_trim,20,phone,1,1,2,4,1,0
APT-0513,2025-08-30,Saturday,10,B01,combo,45,app,2,1,1,7,1,0
APT-0514,2025-09-01,Monday,18,B02,combo,45,phone,8,1,0,11,0,0
APT-0515,2025-09-02,Tuesday,15,B02,combo,45,app,1,0,0,0,1,0
APT-0516,2025-09-06,Saturday,12,B02,beard_trim,20,app,4,0,0,0,0,0
APT-0517,2025-09-06,Saturday,13,B01,beard_trim,20,phone,8,1,1,6,1,0
APT-0518,2025-09-12,Friday,16,B01,haircut,30,phone,6,1,1,8,1,0
APT-0519,2025-09-18,Thursday,16,B03,beard_trim,20,phone,2,0,0,0,0,0
APT-0520,2025-09-23,Tuesday,13,B02,beard_trim,20,app,3,1,1,9,0,0
APT-0521,2025-09-24,Wednesday,12,B03,beard_trim,20,walk-in,13,0,0,0,1,0
APT-0522,2025-09-25,Thursday,15,B01,combo,45,walk-in,4,0,0,0,1,0
APT-0523,2025-09-29,Monday,15,B01,haircut,30,walk-in,0,1,1,9,1,0
APT-0524,2025-09-29,Monday,14,B01,haircut,30,phone,2,1,2,3,0,1
APT-0525,2025-09-30,Tuesday,9,B02,beard_trim,20,phone,3,0,0,0,1,0
APT-0526,2025-10-01,Wednesday,13,B02,haircut,30,phone,14,1,0,14,1,0
APT-0527,2025-10-02,Thursday,15,B03,haircut,30,app,3,1,0,5,1,0
APT-0528,2025-10-03,Friday,18,B02,haircut,30,app,0,1,0,17,0,0
APT-0529,2025-10-03,Friday,14,B02,combo,45,phone,5,1,0,8,1,0
APT-0530,2025-10-03,Friday,12,B02,haircut,30,app,1,1,2,3,1,1
APT-0531,2025-10-03,Friday,14,B01,haircut,30,app,3,1,2,4,1,0
APT-0532,2025-10-04,Saturday,10,B02,haircut,30,walk-in,14,1,1,14,1,0
APT-0533,2025-10-06,Monday,9,B02,haircut,30,app,7,1,2,5,1,0
APT-0534,2025-10-08,Wednesday,15,B02,haircut,30,phone,1,0,0,0,1,0
APT-0535,2025-10-09,Thursday,18,B01,beard_trim,20,phone,4,0,0,0,1,1
APT-0536,2025-10-10,Friday,17,B03,beard_trim,20,app,2,1,0,17,0,1
APT-0537,2025-10-11,Saturday,14,B04,haircut,30,walk-in,1,1,0,10,0,0
APT-0538,2025-10-11,Saturday,9,B01,beard_trim,20,app,6,1,2,18,1,0
APT-0539,2025-10-11,Saturday,18,B03,haircut,30,walk-in,5,0,0,0,1,0
APT-0540,2025-10-14,Tuesday,13,B03,haircut,30,phone,8,1,1,17,1,0
APT-0541,2025-10-15,Wednesday,11,B01,combo,45,app,11,0,0,0,0,1
APT-0542,2025-10-16,Thursday,17,B03,beard_trim,20,app,2,1,1,2,0,1
APT-0543,2025-10-16,Thursday,16,B03,combo,45,app,12,1,2,14,0,0
APT-0544,2025-10-17,Friday,16,B04,haircut,30,app,5,1,0,15,1,0
APT-0545,2025-10-21,Tuesday,11,B04,haircut,30,app,2,1,2,18,1,0
APT-0546,2025-10-21,Tuesday,18,B01,haircut,30,walk-in,10,0,0,0,1,0
APT-0547,2025-10-27,Monday,13,B02,haircut,30,app,0,1,2,2,1,0
APT-0548,2025-10-27,Monday,14,B02,combo,45,walk-in,5,1,1,12,0,1
APT-0549,2025-10-29,Wednesday,16,B01,haircut,30,app,7,1,1,14,1,0
APT-0550,2025-10-30,Thursday,15,B02,combo,45,walk-in,3,1,0,12,0,1
APT-0551,2025-11-01,Saturday,10,B04,combo,45,app,10,1,0,1,1,0
APT-0552,2025-11-03,Monday,12,B01,beard_trim,20,app,2,1,0,1,1,0
APT-0553,2025-11-04,Tuesday,12,B02,haircut,30,phone,9,1,2,13,1,0
APT-0554,2025-11-04,Tuesday,18,B03,beard_trim,20,app,1,1,0,17,0,0
APT-0555,2025-11-05,Wednesday,16,B02,haircut,30,walk-in,2,1,0,4,0,0
APT-0556,2025-11-07,Friday,12,B02,beard_trim,20,app,3,1,0,1,1,0
APT-0557,2025-11-10,Monday,16,B04,haircut,30,phone,10,1,0,8,0,0
APT-0558,2025-11-10,Monday,16,B02,combo,45,phone,1,0,0,0,1,0
APT-0559,2025-11-15,Saturday,12,B01,beard_trim,20,phone,10,1,0,19,1,0
APT-0560,2025-11-17,Monday,13,B01,beard_trim,20,app,2,1,0,18,0,0
APT-0561,2025-11-18,Tuesday,17,B04,beard_trim,20,app,4,1,2,11,0,1
APT-0562,2025-11-18,Tuesday,14,B01,beard_trim,20,app,3,0,0,0,0,0
APT-0563,2025-11-20,Thursday,10,B02,combo,45,app,1,1,2,5,1,0
APT-0564,2025-11-20,Thursday,16,B01,haircut,30,app,12,1,1,19,1,1
APT-0565,2025-11-21,Friday,14,B02,combo,45,walk-in,4,1,2,9,1,0
APT-0566,2025-11-26,Wednesday,14,B04,combo,45,phone,7,0,0,0,1,0
APT-0567,2025-11-27,Thursday,16,B02,combo,45,phone,5,0,0,0,1,0
APT-0568,2025-11-28,Friday,18,B04,haircut,30,app,5,1,1,4,0,0
APT-0569,2025-12-03,Wednesday,12,B01,combo,45,app,6,0,0,0,0,0
APT-0570,2025-12-04,Thursday,13,B02,haircut,30,phone,11,1,2,10,1,1
APT-0571,2025-12-05,Friday,10,B04,beard_trim,20,app,7,1,2,4,1,0
APT-0572,2025-12-09,Tuesday,15,B02,haircut,30,app,5,1,0,2,0,0
APT-0573,2025-12-09,Tuesday,13,B01,haircut,30,phone,6,0,0,0,1,1
APT-0574,2025-12-12,Friday,12,B04,haircut,30,phone,6,1,1,17,1,0
APT-0575,2025-12-13,Saturday,15,B02,haircut,30,walk-in,4,1,2,2,0,0
APT-0576,2025-12-13,Saturday,13,B02,haircut,30,app,6,1,0,11,0,0
APT-0577,2025-12-15,Monday,13,B04,combo,45,phone,4,0,0,0,1,0
APT-0578,2025-12-16,Tuesday,13,B01,haircut,30,app,8,0,0,0,0,0
APT-0579,2025-12-17,Wednesday,11,B02,beard_trim,20,app,13,1,1,4,1,0
APT-0580,2025-12-17,Wednesday,10,B01,haircut,30,phone,13,1,1,2,1,0
APT-0581,2025-12-19,Friday,17,B02,beard_trim,20,app,9,0,0,0,1,0
APT-0582,2025-12-19,Friday,9,B01,beard_trim,20,phone,6,1,0,8,1,0
APT-0583,2025-12-20,Saturday,12,B03,haircut,30,app,8,0,0,0,1,0
APT-0584,2025-12-22,Monday,15,B01,beard_trim,20,app,2,1,0,17,1,0
APT-0585,2025-12-22,Monday,10,B03,combo,45,walk-in,4,0,0,0,0,1
APT-0586,2025-12-22,Monday,15,B01,combo,45,app,2,1,0,14,1,0
APT-0587,2025-12-23,Tuesday,16,B02,haircut,30,phone,0,1,2,2,1,0
APT-0588,2025-12-27,Saturday,15,B02,haircut,30,app,13,0,0,0,1,0
APT-0589,2025-12-27,Saturday,12,B03,beard_trim,20,walk-in,10,1,2,5,0,0
APT-0590,2025-12-27,Saturday,9,B02,haircut,30,app,5,0,0,0,1,0
APT-0591,2025-12-29,Monday,17,B02,combo,45,app,2,0,0,0,1,0
APT-0592,2025-12-29,Monday,12,B04,haircut,30,phone,7,0,0,0,0,1
APT-0593,2025-12-30,Tuesday,17,B02,combo,45,app,4,0,0,0,1,0
APT-0594,2025-12-30,Tuesday,10,B01,haircut,30,app,9,1,1,2,1,0
APT-0595,2025-12-31,Wednesday,10,B04,haircut,30,walk-in,14,0,0,0,1,1
APT-0596,2025-12-31,Wednesday,16,B02,combo,45,phone,3,1,0,18,0,0
APT-0597,2025-12-31,Wednesday,18,B01,combo,45,phone,2,0,0,0,1,1
APT-0598,2026-01-01,Thursday,17,B02,combo,45,phone,2,1,0,13,0,1
APT-0599,2026-01-01,Thursday,16,B01,combo,45,walk-in,1,1,1,10,1,0
APT-0600,2026-01-02,Friday,11,B01,haircut,30,walk-in,4,1,0,2,1,0
APT-0601,2026-01-02,Friday,18,B03,haircut,30,phone,0,0,0,0,0,0
APT-0602,2026-01-02,Friday,15,B01,haircut,30,app,1,0,0,0,1,1
APT-0603,2026-01-02,Friday,10,B03,beard_trim,20,app,3,1,1,17,1,0
APT-0604,2026-01-03,Saturday,10,B04,haircut,30,phone,2,1,2,7,1,1
APT-0605,2026-01-06,Tuesday,17,B03,combo,45,walk-in,8,1,0,3,1,0
APT-0606,2026-01-06,Tuesday,11,B03,haircut,30,phone,1,0,0,0,1,0
APT-0607,2026-01-12,Monday,16,B03,haircut,30,app,10,0,0,0,1,0
APT-0608,2026-01-13,Tuesday,10,B04,haircut,30,app,2,1,1,11,1,0
APT-0609,2026-01-14,Wednesday,11,B02,haircut,30,phone,1,1,2,9,0,0
APT-0610,2026-01-15,Thursday,11,B01,haircut,30,walk-in,0,1,0,1,1,1
APT-0611,2026-01-17,Saturday,11,B02,beard_trim,20,app,7,0,0,0,1,0
APT-0612,2026-01-19,Monday,15,B02,haircut,30,phone,2,0,0,0,1,1
APT-0613,2026-01-21,Wednesday,18,B01,beard_trim,20,phone,5,1,2,11,1,1
APT-0614,2026-01-24,Saturday,18,B03,combo,45,walk-in,1,1,2,17,1,0
APT-0615,2026-01-24,Saturday,16,B01,beard_trim,20,app,14,0,0,0,1,0
APT-0616,2026-01-24,Saturday,11,B04,beard_trim,20,walk-in,1,1,1,18,1,0
APT-0617,2026-01-26,Monday,18,B01,haircut,30,phone,4,1,0,11,0,0
APT-0618,2026-01-27,Tuesday,14,B01,haircut,30,phone,10,0,0,0,1,1
APT-0619,2026-01-27,Tuesday,14,B01,haircut,30,app,2,1,2,18,0,1
APT-0620,2026-01-28,Wednesday,16,B01,combo,45,phone,2,1,1,13,0,1
APT-0621,2026-01-28,Wednesday,16,B01,beard_trim,20,phone,9,1,1,15,0,0
APT-0622,2026-01-29,Thursday,18,B01,haircut,30,app,3,1,0,5,1,0
APT-0623,2026-01-29,Thursday,14,B01,haircut,30,app,0,1,2,13,1,0
APT-0624,2026-01-29,Thursday,15,B01,combo,45,phone,4,0,0,0,1,1
APT-0625,2026-01-29,Thursday,16,B02,beard_trim,20,phone,0,1,0,2,0,0
APT-0626,2026-01-29,Thursday,11,B02,beard_trim,20,app,11,1,0,5,1,0
APT-0627,2026-01-30,Friday,12,B02,combo,45,app,6,1,0,18,0,0
APT-0628,2026-01-31,Saturday,15,B02,beard_trim,20,app,6,1,1,11,1,0
APT-0629,2026-01-31,Saturday,9,B01,beard_trim,20,walk-in,2,1,0,15,1,0
APT-0630,2026-02-04,Wednesday,12,B01,haircut,30,walk-in,7,1,1,4,0,0
APT-0631,2026-02-04,Wednesday,16,B01,haircut,30,app,7,1,0,5,1,0
APT-0632,2026-02-04,Wednesday,18,B03,combo,45,app,1,1,1,18,1,0
APT-0633,2026-02-05,Thursday,14,B04,beard_trim,20,app,11,1,2,8,1,0
APT-0634,2026-02-06,Friday,12,B04,haircut,30,phone,5,1,1,17,0,1
APT-0635,2026-02-07,Saturday,13,B02,beard_trim,20,walk-in,9,0,0,0,1,0
APT-0636,2026-02-07,Saturday,15,B02,haircut,30,phone,2,1,1,7,1,0
APT-0637,2026-02-09,Monday,14,B02,combo,45,app,1,1,0,19,1,0
APT-0638,2026-02-10,Tuesday,9,B03,haircut,30,app,7,0,0,0,1,0
APT-0639,2026-02-11,Wednesday,14,B03,combo,45,app,9,1,0,3,0,0
APT-0640,2026-02-13,Friday,13,B03,beard_trim,20,walk-in,3,0,0,0,1,0
APT-0641,2026-02-14,Saturday,16,B04,haircut,30,phone,0,0,0,0,1,0
APT-0642,2026-02-16,Monday,17,B02,haircut,30,phone,9,0,0,0,1,1
APT-0643,2026-02-16,Monday,18,B03,combo,45,app,2,0,0,0,0,1
APT-0644,2026-02-17,Tuesday,15,B03,haircut,30,walk-in,3,0,0,0,0,0
APT-0645,2026-02-18,Wednesday,12,B02,haircut,30,app,6,1,2,9,0,0
APT-0646,2026-02-19,Thursday,13,B04,beard_trim,20,walk-in,1,1,1,3,1,0
APT-0647,2026-02-20,Friday,10,B01,haircut,30,walk-in,1,0,0,0,1,0
APT-0648,2026-02-20,Friday,18,B04,haircut,30,phone,0,0,0,0,1,0
APT-0649,2026-02-20,Friday,17,B03,haircut,30,walk-in,11,1,0,19,1,0
APT-0650,2026-02-21,Saturday,17,B01,combo,45,app,3,0,0,0,0,0
APT-0651,2026-02-21,Saturday,12,B03,haircut,30,phone,7,1,1,15,1,0
APT-0652,2026-02-24,Tuesday,12,B01,haircut,30,app,14,1,0,11,0,0
APT-0653,2026-02-24,Tuesday,17,B03,haircut,30,phone,7,1,0,9,0,0
APT-0654,2026-02-25,Wednesday,14,B03,haircut,30,app,5,1,1,10,0,0
APT-0655,2026-02-25,Wednesday,16,B03,haircut,30,app,5,1,1,19,1,0
APT-0656,2026-02-25,Wednesday,13,B04,haircut,30,app,3,1,1,2,1,0
APT-0657,2026-02-26,Thursday,13,B01,haircut,30,app,6,1,2,10,1,0
APT-0658,2026-02-26,Thursday,15,B01,haircut,30,phone,13,0,0,0,0,1
APT-0659,2026-02-26,Thursday,17,B02,combo,45,phone,8,0,0,0,0,1
APT-0660,2026-02-26,Thursday,12,B01,haircut,30,app,4,0,0,0,1,0
APT-0661,2026-02-27,Friday,17,B02,haircut,30,walk-in,3,1,0,1,0,0
APT-0662,2026-02-27,Friday,11,B01,combo,45,walk-in,11,1,0,12,1,0
APT-0663,2026-03-04,Wednesday,13,B02,combo,45,app,1,0,0,0,1,0
APT-0664,2026-03-04,Wednesday,18,B02,beard_trim,20,app,10,0,0,0,1,0
APT-0665,2026-03-05,Thursday,18,B04,haircut,30,phone,2,1,1,19,1,0
APT-0666,2026-03-06,Friday,18,B01,haircut,30,phone,7,1,2,8,1,1
APT-0667,2026-03-07,Saturday,12,B04,haircut,30,app,9,1,1,1,1,1
APT-0668,2026-03-09,Monday,17,B02,haircut,30,phone,4,1,2,12,1,1
APT-0669,2026-03-09,Monday,18,B02,haircut,30,app,2,0,0,0,1,1
APT-0670,2026-03-10,Tuesday,18,B02,beard_trim,20,app,10,1,0,13,1,1
APT-0671,2026-03-12,Thursday,9,B02,haircut,30,phone,3,1,2,4,1,0
APT-0672,2026-03-13,Friday,16,B01,beard_trim,20,phone,3,1,2,16,1,0
APT-0673,2026-03-13,Friday,18,B02,haircut,30,walk-in,5,1,1,8,0,0
APT-0674,2026-03-14,Saturday,16,B01,haircut,30,app,4,1,1,8,1,0
APT-0675,2026-03-14,Saturday,11,B02,beard_trim,20,app,7,0,0,0,1,0
APT-0676,2026-03-17,Tuesday,16,B02,combo,45,app,1,1,1,11,1,0
APT-0677,2026-03-17,Tuesday,10,B02,haircut,30,app,4,1,1,1,1,0
APT-0678,2026-03-18,Wednesday,13,B03,beard_trim,20,app,11,1,2,11,0,0
APT-0679,2026-03-19,Thursday,15,B01,haircut,30,phone,0,1,0,13,0,0
APT-0680,2026-03-19,Thursday,13,B04,haircut,30,phone,4,1,1,6,1,0
APT-0681,2026-03-21,Saturday,15,B03,beard_trim,20,phone,7,0,0,0,1,1
APT-0682,2026-03-21,Saturday,11,B04,haircut,30,app,11,1,2,2,1,1
APT-0683,2026-03-21,Saturday,15,B03,haircut,30,app,6,1,1,17,1,0
APT-0684,2026-03-21,Saturday,15,B01,haircut,30,phone,9,0,0,0,0,0
APT-0685,2026-03-25,Wednesday,15,B02,haircut,30,app,2,1,2,12,1,0
APT-0686,2026-03-26,Thursday,11,B01,haircut,30,walk-in,3,1,0,16,1,0
APT-0687,2026-03-28,Saturday,12,B03,haircut,30,app,12,1,0,7,1,1
APT-0688,2026-03-28,Saturday,11,B02,combo,45,phone,11,1,2,4,1,1
APT-0689,2026-03-28,Saturday,13,B01,beard_trim,20,walk-in,5,1,0,14,0,0
APT-0690,2026-03-28,Saturday,14,B04,haircut,30,phone,4,1,1,12,1,0
APT-0691,2026-03-30,Monday,12,B01,haircut,30,phone,4,1,0,1,1,0
APT-0692,2026-04-01,Wednesday,13,B02,beard_trim,20,phone,1,1,2,11,1,0
APT-0693,2026-04-02,Thursday,11,B03,haircut,30,app,11,0,0,0,1,0
APT-0694,2026-04-02,Thursday,11,B01,beard_trim,20,phone,9,1,0,8,1,1
APT-0695,2026-04-03,Friday,15,B02,beard_trim,20,walk-in,4,1,1,6,1,0
APT-0696,2026-04-04,Saturday,17,B03,haircut,30,walk-in,3,1,2,16,1,0
APT-0697,2026-04-06,Monday,11,B01,haircut,30,app,3,1,1,19,1,0
APT-0698,2026-04-09,Thursday,17,B02,haircut,30,app,1,0,0,0,1,0
APT-0699,2026-04-10,Friday,14,B01,haircut,30,phone,7,1,1,14,1,0
APT-0700,2026-04-10,Friday,10,B03,haircut,30,phone,5,0,0,0,1,0
APT-0701,2026-04-13,Monday,12,B01,combo,45,app,2,0,0,0,1,0
APT-0702,2026-04-13,Monday,9,B04,haircut,30,app,6,1,2,15,1,1
APT-0703,2026-04-13,Monday,9,B04,beard_trim,20,app,13,0,0,0,0,0
APT-0704,2026-04-14,Tuesday,12,B01,beard_trim,20,phone,1,1,1,10,1,0
APT-0705,2026-04-15,Wednesday,13,B02,haircut,30,app,4,0,0,0,1,0
APT-0706,2026-04-16,Thursday,16,B02,haircut,30,app,5,1,2,7,1,0
APT-0707,2026-04-16,Thursday,10,B03,haircut,30,app,2,1,2,13,1,0
APT-0708,2026-04-17,Friday,17,B02,beard_trim,20,walk-in,5,0,0,0,1,0
APT-0709,2026-04-20,Monday,11,B01,haircut,30,app,6,1,1,5,1,1
APT-0710,2026-04-20,Monday,10,B01,beard_trim,20,app,2,1,2,14,1,0
APT-0711,2026-04-22,Wednesday,15,B04,combo,45,phone,2,1,1,4,1,0
APT-0712,2026-04-24,Friday,16,B02,beard_trim,20,app,10,1,2,6,1,1
APT-0713,2026-04-24,Friday,15,B04,combo,45,walk-in,3,1,1,15,1,0
APT-0714,2026-05-01,Friday,10,B02,beard_trim,20,walk-in,6,1,1,19,0,1
APT-0715,2026-05-04,Monday,10,B04,combo,45,app,6,0,0,0,0,0
APT-0716,2026-05-05,Tuesday,12,B01,combo,45,app,9,0,0,0,1,0
APT-0717,2026-05-05,Tuesday,13,B01,beard_trim,20,app,8,1,1,11,1,0
APT-0718,2026-05-06,Wednesday,18,B04,combo,45,app,10,1,1,12,1,1
APT-0719,2026-05-07,Thursday,11,B04,combo,45,app,6,1,1,15,0,0
APT-0720,2026-05-07,Thursday,10,B02,haircut,30,app,4,1,0,2,1,0
APT-0721,2026-05-08,Friday,18,B02,beard_trim,20,app,4,0,0,0,1,0
APT-0722,2026-05-08,Friday,10,B02,beard_trim,20,phone,3,1,1,6,1,0
APT-0723,2026-05-09,Saturday,9,B02,combo,45,app,4,0,0,0,1,0
APT-0724,2026-05-12,Tuesday,13,B01,haircut,30,app,1,1,1,9,1,0
APT-0725,2026-05-13,Wednesday,13,B04,combo,45,phone,4,0,0,0,1,0
APT-0726,2026-05-13,Wednesday,15,B01,beard_trim,20,app,3,0,0,0,1,0
APT-0727,2026-05-13,Wednesday,17,B03,combo,45,app,0,1,1,11,1,0
APT-0728,2026-05-14,Thursday,18,B01,haircut,30,app,3,0,0,0,1,0
APT-0729,2026-05-15,Friday,11,B01,beard_trim,20,app,8,1,0,1,0,0
APT-0730,2026-05-16,Saturday,18,B03,beard_trim,20,app,5,1,1,15,1,0
APT-0731,2026-05-18,Monday,15,B02,combo,45,walk-in,9,0,0,0,0,1
APT-0732,2026-05-18,Monday,9,B03,combo,45,walk-in,5,0,0,0,1,1
APT-0733,2026-05-20,Wednesday,18,B01,beard_trim,20,app,10,1,0,8,1,0
APT-0734,2026-05-20,Wednesday,10,B04,beard_trim,20,app,9,1,1,14,1,1
APT-0735,2026-05-21,Thursday,14,B03,haircut,30,phone,1,1,1,8,0,0
APT-0736,2026-05-23,Saturday,16,B04,combo,45,phone,13,0,0,0,0,0
APT-0737,2026-05-23,Saturday,11,B01,haircut,30,app,0,1,2,18,0,1
APT-0738,2026-05-23,Saturday,11,B02,beard_trim,20,app,6,1,1,15,1,0
APT-0739,2026-05-26,Tuesday,13,B02,beard_trim,20,app,9,1,0,1,0,0
APT-0740,2026-05-27,Wednesday,17,B02,haircut,30,phone,3,1,0,15,0,0
APT-0741,2026-05-27,Wednesday,11,B01,haircut,30,app,6,0,0,0,1,0
APT-0742,2026-05-28,Thursday,15,B01,haircut,30,app,3,1,2,17,0,1
APT-0743,2026-05-30,Saturday,13,B02,combo,45,app,1,1,0,19,1,0
APT-0744,2026-05-30,Saturday,10,B01,beard_trim,20,app,0,1,0,2,1,0
APT-0745,2026-05-30,Saturday,16,B02,haircut,30,phone,1,1,1,2,1,0
APT-0746,2026-06-01,Monday,17,B01,beard_trim,20,phone,1,0,0,0,1,0
APT-0747,2026-06-02,Tuesday,14,B01,haircut,30,phone,6,0,0,0,0,1
APT-0748,2026-06-02,Tuesday,10,B03,combo,45,app,5,0,0,0,1,0
APT-0749,2026-06-03,Wednesday,10,B02,haircut,30,app,4,1,1,11,1,1
APT-0750,2026-06-03,Wednesday,13,B02,haircut,30,walk-in,7,0,0,0,1,0
APT-0751,2026-06-03,Wednesday,14,B02,haircut,30,phone,0,1,1,17,1,0
APT-0752,2026-06-04,Thursday,14,B03,beard_trim,20,app,3,0,0,0,1,0
APT-0753,2026-06-05,Friday,11,B02,haircut,30,app,8,1,0,11,1,0
APT-0754,2026-06-06,Saturday,14,B02,beard_trim,20,walk-in,11,1,2,19,1,1
APT-0755,2026-06-09,Tuesday,11,B04,haircut,30,phone,4,1,0,1,0,0
APT-0756,2026-06-09,Tuesday,15,B02,haircut,30,walk-in,1,0,0,0,1,0
APT-0757,2026-06-09,Tuesday,16,B04,haircut,30,phone,9,1,2,3,1,1
APT-0758,2026-06-09,Tuesday,15,B03,haircut,30,app,11,0,0,0,1,0
APT-0759,2026-06-09,Tuesday,9,B01,combo,45,app,4,1,1,3,0,0
APT-0760,2026-06-10,Wednesday,18,B02,haircut,30,app,2,1,0,4,1,0
APT-0761,2026-06-17,Wednesday,9,B03,combo,45,phone,0,1,1,17,1,0
APT-0762,2026-06-17,Wednesday,18,B04,haircut,30,phone,6,0,0,0,1,1
APT-0763,2026-06-17,Wednesday,9,B02,haircut,30,app,11,1,0,7,1,0
APT-0764,2026-06-19,Friday,14,B01,haircut,30,walk-in,7,1,2,8,1,0
APT-0765,2026-06-19,Friday,10,B02,haircut,30,app,3,1,0,19,1,0
APT-0766,2026-06-20,Saturday,9,B01,beard_trim,20,app,6,1,1,10,1,0
APT-0767,2026-06-20,Saturday,15,B03,beard_trim,20,app,9,1,0,9,0,0
APT-0768,2026-06-22,Monday,16,B02,haircut,30,walk-in,4,0,0,0,1,0
APT-0769,2026-06-22,Monday,10,B03,beard_trim,20,walk-in,9,1,0,1,1,1
APT-0770,2026-06-23,Tuesday,18,B04,beard_trim,20,phone,4,0,0,0,1,0
APT-0771,2026-06-24,Wednesday,12,B03,combo,45,walk-in,3,1,1,15,1,0
APT-0772,2026-06-25,Thursday,12,B03,combo,45,walk-in,6,0,0,0,0,0
APT-0773,2026-06-27,Saturday,11,B03,beard_trim,20,walk-in,4,1,0,17,1,0
APT-0774,2026-06-27,Saturday,13,B03,combo,45,walk-in,13,1,2,17,1,0
APT-0775,2026-06-30,Tuesday,10,B04,beard_trim,20,app,5,0,0,0,1,0
APT-0776,2026-06-30,Tuesday,13,B01,haircut,30,phone,3,1,0,16,1,1
APT-0777,2026-07-01,Wednesday,11,B02,beard_trim,20,phone,4,1,0,5,1,0
APT-0778,2026-07-01,Wednesday,9,B01,haircut,30,phone,5,1,1,5,0,0
APT-0779,2026-07-03,Friday,12,B04,beard_trim,20,app,3,1,0,19,1,0
APT-0780,2026-07-03,Friday,15,B03,combo,45,phone,7,0,0,0,0,1
APT-0781,2026-07-04,Saturday,16,B02,haircut,30,walk-in,3,1,1,7,1,0
APT-0782,2026-07-06,Monday,12,B01,combo,45,app,3,1,2,12,1,0
APT-0783,2026-07-07,Tuesday,12,B02,combo,45,walk-in,6,1,0,8,1,0
APT-0784,2026-07-08,Wednesday,16,B03,haircut,30,app,1,1,1,17,1,0
APT-0785,2026-07-09,Thursday,15,B01,beard_trim,20,app,6,0,0,0,0,0
APT-0786,2026-07-10,Friday,17,B01,combo,45,app,5,0,0,0,1,0
APT-0787,2026-07-10,Friday,18,B04,combo,45,phone,4,1,0,3,1,0
APT-0788,2026-07-16,Thursday,17,B03,haircut,30,phone,7,1,0,5,1,0
APT-0789,2026-07-16,Thursday,18,B01,haircut,30,app,8,0,0,0,1,1
APT-0790,2026-07-17,Friday,13,B01,beard_trim,20,phone,10,0,0,0,1,0
APT-0791,2026-07-18,Saturday,12,B04,haircut,30,app,3,1,0,4,1,0
APT-0792,2026-07-18,Saturday,12,B03,haircut,30,app,3,1,0,13,1,0
APT-0793,2026-07-20,Monday,11,B03,haircut,30,walk-in,7,1,1,7,1,1
APT-0794,2026-07-20,Monday,16,B02,haircut,30,phone,6,0,0,0,1,0
APT-0795,2026-07-21,Tuesday,16,B01,beard_trim,20,phone,6,1,2,17,1,0
APT-0796,2026-07-22,Wednesday,17,B01,beard_trim,20,phone,5,1,2,17,1,0
APT-0797,2026-07-22,Wednesday,10,B03,beard_trim,20,walk-in,8,1,0,1,0,0
APT-0798,2026-07-23,Thursday,13,B01,beard_trim,20,app,2,0,0,0,1,0
APT-0799,2026-07-24,Friday,11,B01,haircut,30,app,5,0,0,0,1,0
APT-0800,2026-07-27,Monday,17,B03,haircut,30,app,2,0,0,0,1,1
APT-0801,2026-07-28,Tuesday,11,B04,haircut,30,phone,4,1,2,4,1,0
APT-0802,2026-07-28,Tuesday,10,B03,haircut,30,phone,7,1,1,13,1,0
APT-0803,2026-07-30,Thursday,14,B02,haircut,30,phone,5,0,0,0,0,0
APT-0804,2026-08-03,Monday,17,B02,haircut,30,app,3,1,1,13,0,0
APT-0805,2026-08-03,Monday,18,B02,haircut,30,app,11,1,2,9,1,0
APT-0806,2026-08-04,Tuesday,9,B02,haircut,30,phone,8,0,0,0,1,0
APT-0807,2026-08-04,Tuesday,12,B02,beard_trim,20,walk-in,5,1,1,13,1,0
APT-0808,2026-08-05,Wednesday,10,B02,beard_trim,20,app,13,1,0,9,1,1
APT-0809,2026-08-05,Wednesday,12,B02,combo,45,app,4,1,1,15,1,0
APT-0810,2026-08-07,Friday,14,B04,beard_trim,20,app,8,1,2,14,0,0
APT-0811,2026-08-08,Saturday,11,B04,beard_trim,20,app,2,1,2,6,0,0
APT-0812,2026-08-08,Saturday,9,B01,haircut,30,app,3,0,0,0,1,0
APT-0813,2026-08-11,Tuesday,14,B02,beard_trim,20,app,3,0,0,0,0,0
APT-0814,2026-08-12,Wednesday,9,B01,haircut,30,phone,1,0,0,0,1,0
APT-0815,2026-08-12,Wednesday,11,B02,haircut,30,app,5,0,0,0,1,0
APT-0816,2026-08-13,Thursday,9,B01,haircut,30,app,2,1,0,3,0,0
APT-0817,2026-08-14,Friday,9,B01,haircut,30,app,6,1,2,8,0,1
APT-0818,2026-08-15,Saturday,13,B03,haircut,30,walk-in,2,1,0,14,0,0
APT-0819,2026-08-15,Saturday,17,B02,beard_trim,20,app,1,0,0,0,1,0
APT-0820,2026-08-15,Saturday,16,B04,combo,45,app,13,1,2,13,1,0
APT-0821,2026-08-18,Tuesday,9,B01,beard_trim,20,app,6,0,0,0,1,0
APT-0822,2026-08-19,Wednesday,9,B01,beard_trim,20,phone,12,1,0,7,1,1
APT-0823,2026-08-20,Thursday,12,B02,beard_trim,20,walk-in,4,0,0,0,1,0
APT-0824,2026-08-22,Saturday,15,B01,haircut,30,app,0,1,0,7,1,0
APT-0825,2026-08-26,Wednesday,16,B01,beard_trim,20,app,5,1,1,1,0,1
APT-0826,2026-08-26,Wednesday,17,B04,beard_trim,20,app,5,0,0,0,1,0
APT-0827,2026-08-26,Wednesday,12,B01,haircut,30,phone,0,1,1,12,1,0
APT-0828,2026-08-27,Thursday,10,B01,haircut,30,walk-in,10,1,0,19,1,0
APT-0829,2026-08-28,Friday,9,B02,combo,45,app,6,1,0,10,1,0
APT-0830,2026-08-28,Friday,10,B02,beard_trim,20,app,8,1,0,17,0,0
APT-0831,2026-08-29,Saturday,9,B02,haircut,30,phone,5,0,0,0,1,1
APT-0832,2026-08-29,Saturday,17,B02,beard_trim,20,phone,6,1,0,11,0,0
APT-0833,2026-08-29,Saturday,11,B03,haircut,30,app,2,0,0,0,1,0
APT-0834,2026-08-29,Saturday,17,B01,haircut,30,app,13,1,2,8,1,0
APT-0835,2026-08-31,Monday,14,B02,haircut,30,app,4,0,0,0,1,0
APT-0836,2026-08-31,Monday,14,B03,haircut,30,phone,2,1,0,14,0,0
APT-0837,2026-08-31,Monday,13,B04,beard_trim,20,phone,1,1,0,13,1,0
APT-0838,2026-09-01,Tuesday,17,B02,haircut,30,phone,6,0,0,0,1,0
APT-0839,2026-09-02,Wednesday,9,B02,beard_trim,20,walk-in,14,1,2,9,1,0
APT-0840,2026-09-04,Friday,9,B01,haircut,30,app,11,1,2,19,1,0
APT-0841,2026-09-05,Saturday,13,B01,beard_trim,20,app,7,0,0,0,1,0
APT-0842,2026-09-08,Tuesday,12,B01,beard_trim,20,app,14,1,0,2,1,0
APT-0843,2026-09-10,Thursday,14,B03,beard_trim,20,walk-in,7,1,1,10,1,1
APT-0844,2026-09-11,Friday,16,B01,beard_trim,20,phone,3,1,1,1,1,0
APT-0845,2026-09-15,Tuesday,14,B03,combo,45,app,6,1,1,7,0,1
APT-0846,2026-09-16,Wednesday,11,B01,beard_trim,20,app,1,1,0,11,1,0
APT-0847,2026-09-16,Wednesday,12,B04,beard_trim,20,phone,2,1,2,8,1,0
APT-0848,2026-09-16,Wednesday,16,B03,beard_trim,20,phone,4,0,0,0,0,0
APT-0849,2026-09-17,Thursday,11,B01,haircut,30,phone,2,0,0,0,1,0
APT-0850,2026-09-17,Thursday,14,B01,haircut,30,app,13,0,0,0,0,1
APT-0851,2026-09-18,Friday,14,B01,haircut,30,walk-in,14,1,2,19,1,0
APT-0852,2026-09-19,Saturday,16,B04,haircut,30,phone,3,1,2,15,0,0
APT-0853,2026-09-23,Wednesday,16,B01,haircut,30,phone,7,1,2,11,1,0
APT-0854,2026-09-26,Saturday,13,B02,haircut,30,phone,4,0,0,0,1,0
APT-0855,2026-09-28,Monday,12,B02,beard_trim,20,walk-in,1,1,0,5,0,1
APT-0856,2026-09-29,Tuesday,12,B03,haircut,30,walk-in,3,1,1,9,1,1
APT-0857,2026-09-29,Tuesday,13,B02,combo,45,phone,2,1,2,5,1,0
APT-0858,2026-09-29,Tuesday,11,B02,haircut,30,app,3,0,0,0,1,0
APT-0859,2026-09-29,Tuesday,15,B04,beard_trim,20,app,2,1,1,7,0,0
APT-0860,2026-10-02,Friday,11,B01,haircut,30,walk-in,1,0,0,0,1,0
APT-0861,2026-10-03,Saturday,15,B03,haircut,30,phone,2,0,0,0,1,1
APT-0862,2026-10-08,Thursday,16,B01,haircut,30,app,11,1,2,10,1,0
APT-0863,2026-10-09,Friday,18,B02,beard_trim,20,app,1,1,1,14,1,0
APT-0864,2026-10-10,Saturday,10,B04,haircut,30,walk-in,3,1,2,4,1,1
APT-0865,2026-10-12,Monday,16,B03,combo,45,walk-in,5,1,2,15,1,0
APT-0866,2026-10-14,Wednesday,9,B03,haircut,30,walk-in,3,1,1,12,0,0
APT-0867,2026-10-14,Wednesday,12,B01,beard_trim,20,app,5,0,0,0,1,0
APT-0868,2026-10-14,Wednesday,10,B02,haircut,30,phone,0,1,2,9,1,0
APT-0869,2026-10-17,Saturday,10,B02,beard_trim,20,walk-in,6,0,0,0,1,1
APT-0870,2026-10-20,Tuesday,10,B02,haircut,30,app,5,0,0,0,0,0
APT-0871,2026-10-21,Wednesday,9,B02,haircut,30,app,7,1,1,4,1,0
APT-0872,2026-10-23,Friday,17,B02,haircut,30,walk-in,5,1,0,11,1,0
APT-0873,2026-10-24,Saturday,9,B02,haircut,30,app,4,0,0,0,1,1
APT-0874,2026-10-24,Saturday,12,B01,haircut,30,phone,3,1,1,6,1,0
APT-0875,2026-10-26,Monday,15,B02,combo,45,phone,2,1,2,11,1,1
APT-0876,2026-10-27,Tuesday,18,B01,haircut,30,phone,5,1,0,15,1,0
APT-0877,2026-10-27,Tuesday,17,B04,haircut,30,app,0,1,0,6,0,0
APT-0878,2026-10-28,Wednesday,10,B03,combo,45,phone,3,1,1,10,1,1
APT-0879,2026-10-29,Thursday,18,B01,haircut,30,app,7,1,1,11,1,0
APT-0880,2026-10-30,Friday,15,B03,haircut,30,walk-in,1,1,1,4,1,0
APT-0881,2026-10-30,Friday,10,B03,beard_trim,20,app,1,1,1,4,0,0
APT-0882,2026-10-31,Saturday,13,B01,combo,45,phone,6,1,1,11,0,0
APT-0883,2026-10-31,Saturday,18,B01,beard_trim,20,phone,4,0,0,0,1,1
APT-0884,2026-10-31,Saturday,12,B01,haircut,30,app,9,0,0,0,0,0
APT-0885,2026-11-02,Monday,10,B01,combo,45,app,12,0,0,0,0,1
APT-0886,2026-11-05,Thursday,17,B03,haircut,30,phone,13,1,0,14,0,1
APT-0887,2026-11-06,Friday,18,B04,combo,45,app,4,1,0,8,1,0
APT-0888,2026-11-07,Saturday,18,B01,combo,45,app,2,1,2,6,1,0
APT-0889,2026-11-10,Tuesday,18,B03,combo,45,phone,6,1,1,10,1,0
APT-0890,2026-11-11,Wednesday,17,B01,haircut,30,walk-in,6,1,2,14,1,0
APT-0891,2026-11-12,Thursday,13,B02,haircut,30,phone,6,1,1,8,1,0
APT-0892,2026-11-13,Friday,10,B03,beard_trim,20,app,3,1,0,6,1,0
APT-0893,2026-11-13,Friday,15,B02,beard_trim,20,walk-in,1,1,1,3,0,0
APT-0894,2026-11-16,Monday,11,B01,beard_trim,20,phone,2,1,2,11,1,0
APT-0895,2026-11-16,Monday,13,B02,combo,45,app,2,0,0,0,0,0
APT-0896,2026-11-18,Wednesday,15,B04,beard_trim,20,app,1,1,2,11,1,0
APT-0897,2026-11-19,Thursday,18,B01,haircut,30,app,12,1,0,5,0,0
APT-0898,2026-11-21,Saturday,11,B01,haircut,30,app,0,1,2,5,0,0
APT-0899,2026-11-21,Saturday,11,B01,haircut,30,phone,6,1,1,8,1,1
APT-0900,2026-11-24,Tuesday,16,B02,haircut,30,app,12,1,0,7,0,0
APT-0901,2026-11-26,Thursday,9,B02,haircut,30,phone,3,1,1,4,0,0
APT-0902,2026-11-27,Friday,14,B03,combo,45,app,5,0,0,0,0,0
APT-0903,2026-11-28,Saturday,16,B03,beard_trim,20,app,7,1,0,7,1,0
APT-0904,2026-11-30,Monday,14,B04,beard_trim,20,app,3,1,0,5,0,0
APT-0905,2026-12-04,Friday,12,B03,haircut,30,phone,4,1,2,12,0,1
APT-0906,2026-12-05,Saturday,17,B01,beard_trim,20,phone,9,1,2,16,0,0
APT-0907,2026-12-07,Monday,12,B02,combo,45,app,8,0,0,0,1,0
APT-0908,2026-12-08,Tuesday,16,B01,combo,45,app,9,1,1,13,0,0
APT-0909,2026-12-09,Wednesday,13,B02,beard_trim,20,app,14,1,2,2,0,0
APT-0910,2026-12-10,Thursday,9,B04,combo,45,walk-in,3,1,2,11,1,0
APT-0911,2026-12-11,Friday,14,B03,beard_trim,20,app,8,1,1,2,1,0
APT-0912,2026-12-11,Friday,9,B04,haircut,30,phone,6,1,0,3,0,1
APT-0913,2026-12-12,Saturday,18,B02,combo,45,app,7,1,1,12,0,0
APT-0914,2026-12-15,Tuesday,15,B02,haircut,30,app,8,0,0,0,0,1
APT-0915,2026-12-15,Tuesday,12,B02,haircut,30,phone,8,0,0,0,1,0
APT-0916,2026-12-15,Tuesday,13,B01,haircut,30,phone,11,1,0,4,0,0
APT-0917,2026-12-15,Tuesday,15,B01,beard_trim,20,app,3,1,2,15,1,0
APT-0918,2026-12-21,Monday,11,B02,beard_trim,20,walk-in,6,1,1,12,1,0
APT-0919,2026-12-22,Tuesday,11,B01,beard_trim,20,app,3,0,0,0,1,0
APT-0920,2026-12-24,Thursday,13,B04,haircut,30,app,6,0,0,0,0,0
APT-0921,2026-12-24,Thursday,11,B01,haircut,30,app,8,0,0,0,1,0
APT-0922,2026-12-24,Thursday,16,B01,combo,45,phone,9,1,2,17,1,0
APT-0923,2026-12-26,Saturday,10,B03,haircut,30,phone,4,1,2,7,1,1
APT-0924,2026-12-28,Monday,17,B01,combo,45,app,5,1,0,1,0,0
APT-0925,2027-01-01,Friday,12,B04,haircut,30,walk-in,3,0,0,0,1,1
APT-0926,2027-01-02,Saturday,14,B03,beard_trim,20,phone,2,1,2,6,1,0
APT-0927,2027-01-04,Monday,10,B01,beard_trim,20,walk-in,2,1,2,4,1,0
APT-0928,2027-01-06,Wednesday,12,B03,combo,45,walk-in,11,0,0,0,1,0
APT-0929,2027-01-06,Wednesday,16,B03,haircut,30,walk-in,3,1,2,8,1,0
APT-0930,2027-01-07,Thursday,11,B03,combo,45,phone,13,1,0,19,1,0
APT-0931,2027-01-08,Friday,10,B03,beard_trim,20,app,2,0,0,0,1,0
APT-0932,2027-01-08,Friday,14,B03,beard_trim,20,app,7,0,0,0,1,0
APT-0933,2027-01-09,Saturday,10,B02,beard_trim,20,phone,5,1,1,19,1,0
APT-0934,2027-01-11,Monday,12,B02,haircut,30,app,7,1,2,4,0,1
APT-0935,2027-01-12,Tuesday,13,B03,haircut,30,phone,6,1,2,16,0,0
APT-0936,2027-01-13,Wednesday,14,B04,haircut,30,app,7,1,1,12,1,0
APT-0937,2027-01-14,Thursday,15,B02,haircut,30,walk-in,11,1,0,18,1,0
APT-0938,2027-01-14,Thursday,15,B03,beard_trim,20,app,5,1,0,11,0,0
APT-0939,2027-01-15,Friday,17,B02,haircut,30,walk-in,1,1,1,12,1,0
APT-0940,2027-01-15,Friday,9,B03,haircut,30,app,3,0,0,0,1,0
APT-0941,2027-01-15,Friday,12,B04,haircut,30,app,7,1,1,11,1,0
APT-0942,2027-01-15,Friday,9,B01,haircut,30,walk-in,5,0,0,0,0,0
APT-0943,2027-01-16,Saturday,9,B01,haircut,30,walk-in,5,0,0,0,1,1
APT-0944,2027-01-16,Saturday,11,B02,beard_trim,20,phone,6,1,2,2,1,0
APT-0945,2027-01-16,Saturday,14,B02,haircut,30,walk-in,3,1,0,3,0,0
APT-0946,2027-01-18,Monday,17,B02,combo,45,app,8,0,0,0,1,1
APT-0947,2027-01-19,Tuesday,16,B01,haircut,30,walk-in,7,1,1,16,1,0
APT-0948,2027-01-19,Tuesday,15,B02,haircut,30,app,7,1,0,2,1,0
APT-0949,2027-01-20,Wednesday,16,B02,combo,45,phone,7,0,0,0,1,1
APT-0950,2027-01-20,Wednesday,10,B02,haircut,30,app,11,1,2,7,0,1
APT-0951,2027-01-20,Wednesday,17,B03,haircut,30,app,6,1,0,6,0,0
APT-0952,2027-01-21,Thursday,17,B03,combo,45,phone,13,0,0,0,0,1
APT-0953,2027-01-22,Friday,9,B03,combo,45,phone,1,0,0,0,0,0
APT-0954,2027-01-25,Monday,13,B03,beard_trim,20,app,6,1,0,11,1,0
APT-0955,2027-01-27,Wednesday,17,B03,haircut,30,walk-in,7,0,0,0,0,1
APT-0956,2027-01-29,Friday,13,B02,beard_trim,20,phone,4,0,0,0,1,0
APT-0957,2027-01-29,Friday,17,B03,combo,45,app,3,1,0,13,0,0
APT-0958,2027-02-01,Monday,18,B01,combo,45,phone,5,1,0,7,0,0
APT-0959,2027-02-08,Monday,13,B01,haircut,30,app,3,1,1,19,0,1
APT-0960,2027-02-10,Wednesday,9,B02,haircut,30,app,11,1,1,14,1,0
APT-0961,2027-02-10,Wednesday,12,B04,haircut,30,phone,3,1,1,18,1,0
APT-0962,2027-02-11,Thursday,11,B03,haircut,30,app,2,1,2,19,1,0
APT-0963,2027-02-11,Thursday,13,B01,beard_trim,20,app,5,1,1,11,0,0
APT-0964,2027-02-11,Thursday,14,B02,haircut,30,phone,4,1,0,7,1,0
APT-0965,2027-02-12,Friday,13,B01,haircut,30,app,1,1,1,18,1,0
APT-0966,2027-02-13,Saturday,10,B03,haircut,30,walk-in,5,1,2,19,1,1
APT-0967,2027-02-13,Saturday,12,B03,haircut,30,phone,5,1,1,3,0,0
APT-0968,2027-02-15,Monday,15,B02,haircut,30,app,2,1,0,13,0,0
APT-0969,2027-02-15,Monday,9,B02,haircut,30,phone,6,1,2,12,0,0
APT-0970,2027-02-16,Tuesday,11,B02,haircut,30,app,5,1,2,15,1,0
APT-0971,2027-02-16,Tuesday,17,B02,combo,45,phone,8,1,0,19,1,0
APT-0972,2027-02-17,Wednesday,9,B04,haircut,30,app,3,1,1,5,1,0
APT-0973,2027-02-18,Thursday,13,B03,beard_trim,20,walk-in,2,1,1,19,1,0
APT-0974,2027-02-19,Friday,11,B02,haircut,30,app,13,0,0,0,1,0
APT-0975,2027-02-19,Friday,10,B02,haircut,30,phone,5,0,0,0,1,0
APT-0976,2027-02-19,Friday,13,B01,haircut,30,app,0,0,0,0,0,0
APT-0977,2027-02-23,Tuesday,14,B01,haircut,30,app,9,1,0,3,1,1
APT-0978,2027-02-24,Wednesday,10,B01,haircut,30,phone,2,1,0,19,0,0
APT-0979,2027-02-25,Thursday,9,B02,haircut,30,phone,8,0,0,0,0,0
APT-0980,2027-03-01,Monday,10,B04,beard_trim,20,walk-in,7,1,2,18,0,0
APT-0981,2027-03-02,Tuesday,15,B02,haircut,30,app,13,0,0,0,1,0
APT-0982,2027-03-04,Thursday,17,B01,haircut,30,app,13,0,0,0,1,0
APT-0983,2027-03-04,Thursday,10,B01,beard_trim,20,app,3,1,1,9,1,0
APT-0984,2027-03-06,Saturday,12,B02,haircut,30,app,8,1,2,18,0,1
APT-0985,2027-03-06,Saturday,12,B03,haircut,30,walk-in,3,1,1,3,1,0
APT-0986,2027-03-08,Monday,12,B02,haircut,30,walk-in,6,1,1,17,0,0
APT-0987,2027-03-09,Tuesday,11,B03,haircut,30,walk-in,6,1,2,9,1,1
APT-0988,2027-03-10,Wednesday,9,B03,haircut,30,app,1,0,0,0,1,0
APT-0989,2027-03-11,Thursday,14,B01,combo,45,app,0,1,0,13,1,1
APT-0990,2027-03-11,Thursday,12,B03,combo,45,phone,1,1,1,2,1,0
APT-0991,2027-03-11,Thursday,12,B04,combo,45,app,1,0,0,0,1,1
APT-0992,2027-03-16,Tuesday,11,B02,haircut,30,phone,2,1,0,4,1,0
APT-0993,2027-03-16,Tuesday,18,B01,haircut,30,app,11,1,0,15,0,0
APT-0994,2027-03-17,Wednesday,15,B04,haircut,30,app,5,1,2,2,1,1
APT-0995,2027-03-18,Thursday,13,B04,haircut,30,walk-in,9,1,0,12,0,0
APT-0996,2027-03-19,Friday,11,B02,haircut,30,app,9,1,1,3,1,0
APT-0997,2027-03-20,Saturday,17,B02,haircut,30,walk-in,8,0,0,0,1,1
APT-0998,2027-03-20,Saturday,17,B01,haircut,30,app,4,1,1,19,1,1
APT-0999,2027-03-20,Saturday,9,B03,haircut,30,app,10,1,2,8,1,0
APT-1000,2027-03-22,Monday,18,B02,haircut,30,app,8,0,0,0,0,1
APT-1001,2027-03-22,Monday,15,B01,beard_trim,20,app,8,0,0,0,1,0
APT-1002,2027-03-23,Tuesday,9,B03,haircut,30,phone,11,1,1,14,0,0
APT-1003,2027-03-26,Friday,16,B04,combo,45,app,6,0,0,0,1,0
APT-1004,2027-03-27,Saturday,10,B03,haircut,30,phone,5,1,2,13,1,1
APT-1005,2027-03-27,Saturday,9,B01,beard_trim,20,walk-in,11,1,2,12,1,0
APT-1006,2027-03-27,Saturday,10,B01,haircut,30,app,4,0,0,0,0,0
APT-1007,2027-03-31,Wednesday,13,B04,haircut,30,app,9,1,2,5,0,0
APT-1008,2027-04-01,Thursday,15,B04,haircut,30,app,1,0,0,0,1,1
APT-1009,2027-04-01,Thursday,13,B02,haircut,30,phone,0,1,2,18,0,1
APT-1010,2027-04-01,Thursday,10,B03,beard_trim,20,phone,5,1,0,12,0,0
APT-1011,2027-04-03,Saturday,10,B02,haircut,30,app,1,0,0,0,1,0
APT-1012,2027-04-03,Saturday,17,B02,haircut,30,phone,13,1,0,12,1,0
APT-1013,2027-04-07,Wednesday,18,B01,combo,45,phone,0,1,1,9,0,0
APT-1014,2027-04-07,Wednesday,16,B01,haircut,30,app,7,1,1,11,1,0
APT-1015,2027-04-09,Friday,10,B01,beard_trim,20,app,2,1,2,14,1,0
APT-1016,2027-04-10,Saturday,17,B03,beard_trim,20,walk-in,13,1,2,4,1,0
APT-1017,2027-04-12,Monday,15,B01,haircut,30,app,3,1,0,9,0,0
APT-1018,2027-04-13,Tuesday,14,B01,haircut,30,app,0,0,0,0,0,0
APT-1019,2027-04-15,Thursday,10,B02,haircut,30,app,0,1,0,2,0,0
APT-1020,2027-04-16,Friday,18,B01,beard_trim,20,phone,5,0,0,0,1,0
APT-1021,2027-04-16,Friday,13,B01,haircut,30,app,14,1,0,4,1,0
APT-1022,2027-04-16,Friday,9,B02,haircut,30,app,13,1,1,12,0,0
APT-1023,2027-04-19,Monday,11,B02,haircut,30,app,3,1,1,5,0,0
APT-1024,2027-04-21,Wednesday,13,B03,combo,45,phone,4,1,0,9,1,0
APT-1025,2027-04-22,Thursday,9,B04,beard_trim,20,app,1,0,0,0,1,0
APT-1026,2027-04-24,Saturday,12,B01,combo,45,walk-in,5,1,2,5,1,1
APT-1027,2027-04-24,Saturday,13,B04,beard_trim,20,app,6,1,0,1,0,0
APT-1028,2027-04-30,Friday,18,B04,beard_trim,20,app,2,1,1,16,0,0
APT-1029,2027-05-01,Saturday,9,B03,haircut,30,walk-in,6,1,2,9,1,0
APT-1030,2027-05-04,Tuesday,14,B03,combo,45,walk-in,11,0,0,0,0,0
APT-1031,2027-05-05,Wednesday,18,B03,beard_trim,20,app,0,1,0,10,0,0
APT-1032,2027-05-06,Thursday,17,B03,haircut,30,walk-in,2,0,0,0,1,0
APT-1033,2027-05-06,Thursday,18,B03,beard_trim,20,phone,2,0,0,0,1,1
APT-1034,2027-05-07,Friday,10,B01,beard_trim,20,app,1,1,2,17,0,0
APT-1035,2027-05-07,Friday,17,B04,haircut,30,walk-in,2,1,2,8,1,1
APT-1036,2027-05-10,Monday,18,B02,haircut,30,phone,6,0,0,0,1,0
APT-1037,2027-05-10,Monday,12,B03,haircut,30,app,1,0,0,0,0,0
APT-1038,2027-05-10,Monday,13,B02,combo,45,phone,8,1,2,6,1,0
APT-1039,2027-05-11,Tuesday,14,B01,haircut,30,app,11,0,0,0,0,0
APT-1040,2027-05-11,Tuesday,13,B02,combo,45,app,12,0,0,0,1,0
APT-1041,2027-05-12,Wednesday,11,B02,haircut,30,walk-in,7,0,0,0,1,1
APT-1042,2027-05-14,Friday,18,B02,beard_trim,20,phone,2,0,0,0,1,1
APT-1043,2027-05-15,Saturday,18,B02,haircut,30,phone,1,0,0,0,0,0
APT-1044,2027-05-18,Tuesday,12,B01,combo,45,phone,2,1,0,12,1,0
APT-1045,2027-05-19,Wednesday,17,B02,haircut,30,phone,13,0,0,0,1,0
APT-1046,2027-05-20,Thursday,12,B02,haircut,30,app,13,1,0,1,0,0
APT-1047,2027-05-21,Friday,16,B04,haircut,30,walk-in,3,1,0,16,1,0
APT-1048,2027-05-26,Wednesday,14,B01,haircut,30,phone,3,1,1,10,1,0
APT-1049,2027-05-26,Wednesday,13,B02,haircut,30,phone,5,1,2,19,1,0
APT-1050,2027-05-27,Thursday,10,B01,beard_trim,20,phone,3,1,2,2,1,1
APT-1051,2027-05-27,Thursday,15,B02,combo,45,app,13,1,2,18,1,0
APT-1052,2027-05-27,Thursday,12,B02,beard_trim,20,app,2,1,1,11,1,0
APT-1053,2027-05-31,Monday,11,B03,beard_trim,20,app,3,1,2,2,1,0
APT-1054,2027-06-02,Wednesday,10,B04,haircut,30,app,4,1,2,10,1,1
APT-1055,2027-06-03,Thursday,18,B01,combo,45,phone,1,1,1,1,1,0
APT-1056,2027-06-07,Monday,10,B03,combo,45,walk-in,3,0,0,0,1,0
APT-1057,2027-06-09,Wednesday,16,B01,haircut,30,app,10,1,2,11,1,0
APT-1058,2027-06-09,Wednesday,17,B01,combo,45,app,1,1,1,16,1,0
APT-1059,2027-06-10,Thursday,9,B02,haircut,30,phone,6,0,0,0,1,0
APT-1060,2027-06-10,Thursday,14,B01,combo,45,app,4,1,0,5,0,1
APT-1061,2027-06-10,Thursday,14,B03,combo,45,walk-in,2,0,0,0,1,1
APT-1062,2027-06-14,Monday,12,B03,beard_trim,20,app,0,0,0,0,0,1
APT-1063,2027-06-14,Monday,15,B03,haircut,30,app,3,1,0,1,0,0
APT-1064,2027-06-16,Wednesday,13,B02,beard_trim,20,app,1,0,0,0,1,0
APT-1065,2027-06-16,Wednesday,13,B03,haircut,30,walk-in,3,1,2,10,1,0
APT-1066,2027-06-17,Thursday,13,B02,beard_trim,20,app,9,1,0,19,1,0
APT-1067,2027-06-17,Thursday,17,B01,haircut,30,phone,7,1,0,6,0,0
APT-1068,2027-06-18,Friday,15,B01,beard_trim,20,app,12,1,2,10,0,0
APT-1069,2027-06-18,Friday,12,B03,combo,45,app,4,1,1,2,0,0
APT-1070,2027-06-19,Saturday,18,B04,haircut,30,walk-in,7,1,2,18,1,1
APT-1071,2027-06-19,Saturday,17,B01,haircut,30,app,7,1,0,16,0,1
APT-1072,2027-06-21,Monday,18,B02,beard_trim,20,app,2,1,1,7,1,0
APT-1073,2027-06-23,Wednesday,16,B03,haircut,30,phone,3,1,1,9,0,0
APT-1074,2027-06-24,Thursday,12,B03,haircut,30,walk-in,5,1,1,17,1,0
APT-1075,2027-06-26,Saturday,16,B02,haircut,30,app,9,1,1,6,1,0
APT-1076,2027-06-28,Monday,12,B03,haircut,30,app,4,1,0,5,1,0
APT-1077,2027-06-30,Wednesday,11,B03,beard_trim,20,walk-in,2,0,0,0,1,0
APT-1078,2027-07-01,Thursday,13,B04,beard_trim,20,phone,14,0,0,0,0,1
APT-1079,2027-07-02,Friday,18,B01,haircut,30,walk-in,1,1,2,5,1,1
APT-1080,2027-07-02,Friday,14,B04,haircut,30,phone,13,0,0,0,1,1
APT-1081,2027-07-03,Saturday,12,B01,haircut,30,phone,9,1,0,4,0,0
APT-1082,2027-07-06,Tuesday,13,B03,haircut,30,app,9,1,1,19,1,0
APT-1083,2027-07-08,Thursday,11,B01,beard_trim,20,app,9,1,2,17,1,0
APT-1084,2027-07-08,Thursday,15,B01,haircut,30,phone,2,0,0,0,1,0
APT-1085,2027-07-09,Friday,12,B01,beard_trim,20,phone,6,1,1,6,1,0
APT-1086,2027-07-10,Saturday,14,B02,combo,45,walk-in,8,1,0,9,1,0
APT-1087,2027-07-10,Saturday,12,B02,beard_trim,20,phone,8,0,0,0,1,0
APT-1088,2027-07-12,Monday,12,B01,beard_trim,20,app,3,1,0,10,0,0
APT-1089,2027-07-13,Tuesday,18,B02,haircut,30,phone,2,1,0,1,0,0
APT-1090,2027-07-13,Tuesday,12,B02,haircut,30,phone,3,1,1,12,0,1
APT-1091,2027-07-14,Wednesday,9,B03,haircut,30,app,4,1,1,1,1,0
APT-1092,2027-07-14,Wednesday,12,B04,beard_trim,20,phone,5,0,0,0,1,0
APT-1093,2027-07-14,Wednesday,14,B03,combo,45,phone,9,1,0,6,0,1
APT-1094,2027-07-15,Thursday,9,B01,haircut,30,app,8,1,1,13,1,0
APT-1095,2027-07-16,Friday,12,B01,haircut,30,phone,7,0,0,0,0,0
APT-1096,2027-07-16,Friday,10,B04,haircut,30,phone,2,1,0,14,1,1
APT-1097,2027-07-16,Friday,14,B01,beard_trim,20,walk-in,4,1,1,9,0,0
APT-1098,2027-07-17,Saturday,16,B02,beard_trim,20,app,3,1,1,10,1,0
APT-1099,2027-07-17,Saturday,18,B04,beard_trim,20,phone,2,1,0,10,1,0
APT-1100,2027-07-17,Saturday,12,B04,combo,45,phone,0,1,0,3,1,0
APT-1101,2027-07-19,Monday,17,B02,haircut,30,phone,3,1,0,19,0,1
APT-1102,2027-07-19,Monday,11,B03,beard_trim,20,app,2,0,0,0,1,0
APT-1103,2027-07-23,Friday,16,B02,beard_trim,20,walk-in,5,0,0,0,1,0
APT-1104,2027-07-24,Saturday,14,B03,haircut,30,walk-in,1,1,1,3,0,1
APT-1105,2027-07-26,Monday,16,B01,combo,45,phone,3,1,0,4,1,1
APT-1106,2027-07-26,Monday,16,B01,haircut,30,phone,0,1,0,12,0,0
APT-1107,2027-07-28,Wednesday,14,B03,beard_trim,20,app,6,0,0,0,0,0
APT-1108,2027-07-28,Wednesday,11,B01,beard_trim,20,phone,5,1,0,2,1,1
APT-1109,2027-07-30,Friday,14,B03,combo,45,app,3,0,0,0,0,0
APT-1110,2027-07-31,Saturday,17,B02,beard_trim,20,phone,1,0,0,0,1,0
APT-1111,2027-07-31,Saturday,18,B04,haircut,30,app,13,0,0,0,1,0
APT-1112,2027-08-03,Tuesday,18,B03,combo,45,phone,6,1,0,1,0,1
APT-1113,2027-08-04,Wednesday,10,B02,beard_trim,20,app,7,1,0,14,0,0
APT-1114,2027-08-05,Thursday,14,B03,beard_trim,20,phone,5,0,0,0,1,0
APT-1115,2027-08-05,Thursday,10,B01,beard_trim,20,phone,9,0,0,0,1,1
APT-1116,2027-08-09,Monday,15,B02,haircut,30,app,11,1,1,13,1,0
APT-1117,2027-08-11,Wednesday,18,B01,beard_trim,20,app,3,1,0,4,1,0
APT-1118,2027-08-12,Thursday,9,B04,combo,45,walk-in,7,1,0,10,1,0
APT-1119,2027-08-14,Saturday,15,B03,haircut,30,phone,2,0,0,0,1,1
APT-1120,2027-08-17,Tuesday,18,B04,haircut,30,app,6,1,0,13,0,0
APT-1121,2027-08-19,Thursday,17,B04,combo,45,app,4,1,0,12,1,0
APT-1122,2027-08-20,Friday,12,B04,beard_trim,20,app,0,1,0,13,1,0
APT-1123,2027-08-20,Friday,10,B01,combo,45,phone,13,0,0,0,1,0
APT-1124,2027-08-23,Monday,18,B04,haircut,30,phone,10,1,0,3,0,1
APT-1125,2027-08-23,Monday,18,B02,combo,45,app,3,0,0,0,1,0
APT-1126,2027-08-25,Wednesday,14,B02,haircut,30,phone,14,0,0,0,0,0
APT-1127,2027-08-26,Thursday,18,B02,beard_trim,20,phone,3,0,0,0,1,1
APT-1128,2027-08-27,Friday,9,B02,haircut,30,phone,4,1,2,12,0,0
APT-1129,2027-08-28,Saturday,15,B01,beard_trim,20,app,10,1,2,16,0,0
APT-1130,2027-08-28,Saturday,9,B01,combo,45,app,3,1,0,13,1,0
APT-1131,2027-08-30,Monday,18,B01,beard_trim,20,app,4,1,0,19,1,0
APT-1132,2027-08-31,Tuesday,15,B02,beard_trim,20,app,7,1,1,11,1,0
APT-1133,2027-09-01,Wednesday,18,B04,haircut,30,app,1,0,0,0,0,0
APT-1134,2027-09-01,Wednesday,14,B03,beard_trim,20,app,4,1,2,5,1,0
APT-1135,2027-09-03,Friday,9,B02,beard_trim,20,app,3,0,0,0,0,0
APT-1136,2027-09-03,Friday,9,B02,haircut,30,phone,7,1,2,16,1,0
APT-1137,2027-09-06,Monday,12,B02,beard_trim,20,app,1,0,0,0,1,1
APT-1138,2027-09-07,Tuesday,16,B01,combo,45,phone,2,1,2,2,1,1
APT-1139,2027-09-07,Tuesday,10,B03,beard_trim,20,app,7,1,0,1,0,1
APT-1140,2027-09-10,Friday,17,B01,beard_trim,20,phone,2,0,0,0,0,0
APT-1141,2027-09-10,Friday,11,B03,haircut,30,app,4,0,0,0,1,0
APT-1142,2027-09-10,Friday,13,B03,beard_trim,20,phone,7,1,1,3,0,1
APT-1143,2027-09-13,Monday,11,B02,haircut,30,phone,8,0,0,0,0,0
APT-1144,2027-09-14,Tuesday,13,B04,haircut,30,app,1,0,0,0,1,0
APT-1145,2027-09-14,Tuesday,13,B01,haircut,30,phone,10,0,0,0,1,1
APT-1146,2027-09-14,Tuesday,9,B04,haircut,30,app,7,1,1,8,1,0
APT-1147,2027-09-16,Thursday,14,B03,haircut,30,phone,3,1,1,5,1,0
APT-1148,2027-09-16,Thursday,16,B03,beard_trim,20,app,8,0,0,0,1,0
APT-1149,2027-09-17,Friday,18,B03,haircut,30,app,7,1,2,15,1,0
APT-1150,2027-09-18,Saturday,12,B03,haircut,30,app,6,1,0,1,1,0
APT-1151,2027-09-22,Wednesday,17,B04,haircut,30,walk-in,5,0,0,0,1,0
APT-1152,2027-09-23,Thursday,17,B02,beard_trim,20,app,8,1,1,11,0,1
APT-1153,2027-09-23,Thursday,18,B03,haircut,30,phone,14,1,0,12,1,0
APT-1154,2027-09-23,Thursday,12,B03,haircut,30,app,5,0,0,0,1,0
APT-1155,2027-09-23,Thursday,17,B02,beard_trim,20,app,9,0,0,0,1,0
APT-1156,2027-09-24,Friday,14,B04,haircut,30,app,8,0,0,0,0,1
APT-1157,2027-09-25,Saturday,9,B02,combo,45,walk-in,10,0,0,0,0,1
APT-1158,2027-09-25,Saturday,11,B02,haircut,30,phone,13,1,0,3,1,0
APT-1159,2027-09-27,Monday,15,B01,haircut,30,app,2,1,0,12,1,0
APT-1160,2027-09-27,Monday,10,B01,haircut,30,phone,2,1,2,2,1,1
APT-1161,2027-09-27,Monday,13,B03,beard_trim,20,app,6,0,0,0,1,0
APT-1162,2027-09-28,Tuesday,16,B02,haircut,30,app,4,0,0,0,1,0
APT-1163,2027-09-28,Tuesday,10,B02,combo,45,phone,5,1,1,5,0,0
APT-1164,2027-09-28,Tuesday,13,B01,haircut,30,app,9,1,2,2,0,0
APT-1165,2027-09-29,Wednesday,11,B02,beard_trim,20,app,12,0,0,0,0,0
APT-1166,2027-09-29,Wednesday,14,B03,haircut,30,phone,4,1,2,5,1,0
APT-1167,2027-09-30,Thursday,11,B04,haircut,30,app,7,1,1,10,1,1
APT-1168,2027-10-01,Friday,18,B01,haircut,30,walk-in,2,1,2,16,1,0
APT-1169,2027-10-01,Friday,9,B02,beard_trim,20,phone,5,1,0,19,1,1
APT-1170,2027-10-02,Saturday,18,B02,haircut,30,walk-in,0,1,2,16,1,0
APT-1171,2027-10-04,Monday,16,B03,combo,45,phone,5,0,0,0,1,1
APT-1172,2027-10-04,Monday,17,B02,beard_trim,20,walk-in,5,0,0,0,1,0
APT-1173,2027-10-05,Tuesday,17,B02,combo,45,app,8,1,0,1,1,0
APT-1174,2027-10-05,Tuesday,10,B02,haircut,30,phone,6,0,0,0,1,0
APT-1175,2027-10-06,Wednesday,18,B02,beard_trim,20,phone,3,0,0,0,0,1
APT-1176,2027-10-07,Thursday,14,B02,beard_trim,20,walk-in,0,1,1,11,1,0
APT-1177,2027-10-07,Thursday,18,B02,beard_trim,20,app,1,1,2,17,0,0
APT-1178,2027-10-08,Friday,17,B03,combo,45,phone,13,1,2,15,0,1
APT-1179,2027-10-09,Saturday,14,B03,beard_trim,20,phone,12,1,0,19,1,0
APT-1180,2027-10-09,Saturday,12,B02,combo,45,app,3,1,2,3,1,0
APT-1181,2027-10-11,Monday,10,B03,beard_trim,20,walk-in,2,0,0,0,0,0
APT-1182,2027-10-11,Monday,10,B04,haircut,30,app,4,1,0,14,0,0
APT-1183,2027-10-13,Wednesday,12,B01,beard_trim,20,app,7,1,2,9,1,0
APT-1184,2027-10-15,Friday,17,B02,haircut,30,phone,3,1,1,2,0,0
APT-1185,2027-10-18,Monday,14,B01,combo,45,app,1,0,0,0,0,0
APT-1186,2027-10-19,Tuesday,13,B03,combo,45,app,4,0,0,0,1,0
APT-1187,2027-10-20,Wednesday,11,B01,haircut,30,app,2,1,0,6,1,0
APT-1188,2027-10-21,Thursday,14,B03,haircut,30,app,3,0,0,0,1,1
APT-1189,2027-10-21,Thursday,15,B01,haircut,30,phone,2,0,0,0,1,0
APT-1190,2027-10-22,Friday,18,B02,haircut,30,walk-in,6,1,2,10,1,0
APT-1191,2027-10-23,Saturday,16,B04,haircut,30,phone,5,1,2,4,0,0
APT-1192,2027-10-23,Saturday,15,B02,beard_trim,20,app,3,0,0,0,1,0
APT-1193,2027-10-23,Saturday,18,B04,beard_trim,20,phone,5,0,0,0,1,0
APT-1194,2027-10-25,Monday,13,B04,combo,45,walk-in,5,0,0,0,1,1
APT-1195,2027-10-27,Wednesday,18,B04,haircut,30,phone,9,1,0,16,0,0
APT-1196,2027-10-27,Wednesday,12,B01,beard_trim,20,app,13,1,0,7,0,0
APT-1197,2027-10-30,Saturday,10,B03,haircut,30,app,1,0,0,0,0,1
APT-1198,2027-11-01,Monday,13,B01,combo,45,walk-in,11,1,0,14,0,0
APT-1199,2027-11-03,Wednesday,10,B02,haircut,30,walk-in,7,0,0,0,0,0
APT-1200,2027-11-03,Wednesday,10,B04,haircut,30,app,7,0,0,0,1,0
APT-1201,2027-11-03,Wednesday,17,B03,haircut,30,walk-in,3,0,0,0,0,0
APT-1202,2027-11-03,Wednesday,16,B02,combo,45,app,3,1,1,11,1,0
APT-1203,2027-11-04,Thursday,11,B02,haircut,30,app,0,0,0,0,1,0
APT-1204,2027-11-04,Thursday,17,B03,beard_trim,20,phone,14,0,0,0,1,0
APT-1205,2027-11-05,Friday,9,B03,beard_trim,20,phone,6,1,1,5,1,0
APT-1206,2027-11-05,Friday,11,B02,beard_trim,20,app,4,1,2,14,1,0
APT-1207,2027-11-06,Saturday,16,B04,haircut,30,walk-in,5,0,0,0,0,0
APT-1208,2027-11-06,Saturday,12,B01,haircut,30,walk-in,0,0,0,0,1,1
APT-1209,2027-11-09,Tuesday,16,B01,haircut,30,app,2,0,0,0,0,0
APT-1210,2027-11-09,Tuesday,17,B03,haircut,30,phone,6,1,2,4,0,0
APT-1211,2027-11-09,Tuesday,9,B04,beard_trim,20,phone,5,1,0,11,0,0
APT-1212,2027-11-10,Wednesday,9,B01,haircut,30,phone,8,0,0,0,1,1
APT-1213,2027-11-10,Wednesday,18,B01,haircut,30,walk-in,6,1,1,9,0,1
APT-1214,2027-11-15,Monday,14,B01,haircut,30,phone,6,1,2,10,1,0
APT-1215,2027-11-15,Monday,14,B04,beard_trim,20,app,9,0,0,0,1,0
APT-1216,2027-11-16,Tuesday,13,B01,haircut,30,app,1,0,0,0,1,0
APT-1217,2027-11-16,Tuesday,13,B02,beard_trim,20,walk-in,7,0,0,0,0,1
APT-1218,2027-11-16,Tuesday,15,B04,haircut,30,walk-in,7,0,0,0,1,0
APT-1219,2027-11-16,Tuesday,14,B01,combo,45,app,3,1,2,4,1,0
APT-1220,2027-11-17,Wednesday,10,B02,beard_trim,20,app,2,0,0,0,1,0
APT-1221,2027-11-24,Wednesday,15,B02,haircut,30,phone,2,1,0,13,1,0
APT-1222,2027-11-26,Friday,15,B03,haircut,30,app,2,1,0,18,1,0
APT-1223,2027-11-26,Friday,10,B02,haircut,30,app,5,1,0,5,1,0
APT-1224,2027-11-30,Tuesday,12,B02,haircut,30,walk-in,1,1,1,14,1,0
APT-1225,2027-12-01,Wednesday,16,B01,haircut,30,walk-in,6,1,1,17,1,0
APT-1226,2027-12-06,Monday,15,B03,combo,45,walk-in,1,1,1,13,0,1
APT-1227,2027-12-06,Monday,10,B03,beard_trim,20,phone,0,1,0,9,0,1
APT-1228,2027-12-09,Thursday,9,B01,haircut,30,app,3,1,1,5,0,0
APT-1229,2027-12-09,Thursday,14,B02,beard_trim,20,walk-in,2,0,0,0,0,0
APT-1230,2027-12-09,Thursday,13,B04,haircut,30,app,14,1,0,1,0,0
APT-1231,2027-12-10,Friday,18,B01,combo,45,app,3,0,0,0,1,0
APT-1232,2027-12-11,Saturday,14,B01,haircut,30,walk-in,2,1,1,9,1,0
APT-1233,2027-12-14,Tuesday,18,B02,beard_trim,20,phone,2,1,0,3,1,0
APT-1234,2027-12-16,Thursday,11,B02,beard_trim,20,walk-in,3,1,1,1,1,0
APT-1235,2027-12-16,Thursday,13,B01,haircut,30,app,6,1,1,14,1,0
APT-1236,2027-12-17,Friday,10,B02,haircut,30,walk-in,8,0,0,0,0,1
APT-1237,2027-12-17,Friday,14,B01,haircut,30,phone,3,1,0,3,1,0
APT-1238,2027-12-18,Saturday,10,B02,combo,45,phone,6,0,0,0,0,0
APT-1239,2027-12-20,Monday,13,B03,beard_trim,20,walk-in,4,1,2,18,1,1
APT-1240,2027-12-21,Tuesday,12,B02,beard_trim,20,app,10,1,2,14,1,1
APT-1241,2027-12-23,Thursday,10,B01,beard_trim,20,phone,5,0,0,0,1,0
APT-1242,2027-12-23,Thursday,9,B03,combo,45,phone,3,1,0,4,0,0
APT-1243,2027-12-25,Saturday,14,B01,haircut,30,phone,7,0,0,0,1,0
APT-1244,2027-12-25,Saturday,18,B03,beard_trim,20,walk-in,9,1,0,14,0,0
APT-1245,2027-12-28,Tuesday,10,B02,beard_trim,20,phone,4,1,0,8,0,0
APT-1246,2027-12-29,Wednesday,13,B03,haircut,30,app,14,1,1,19,0,0
APT-1247,2027-12-29,Wednesday,11,B01,combo,45,app,10,1,1,17,0,0
APT-1248,2027-12-30,Thursday,17,B01,haircut,30,walk-in,2,1,1,15,1,1
APT-1249,2027-12-30,Thursday,13,B02,haircut,30,walk-in,8,1,1,15,1,0
APT-1250,2028-01-03,Monday,18,B01,combo,45,walk-in,6,1,1,15,0,1
APT-1251,2028-01-04,Tuesday,11,B01,haircut,30,app,5,1,0,3,1,0
APT-1252,2028-01-05,Wednesday,9,B03,haircut,30,app,5,1,0,14,1,0
APT-1253,2028-01-05,Wednesday,14,B03,haircut,30,phone,10,1,2,18,1,0
APT-1254,2028-01-06,Thursday,15,B01,beard_trim,20,phone,6,1,2,5,1,0
APT-1255,2028-01-06,Thursday,18,B04,combo,45,app,5,0,0,0,1,0
APT-1256,2028-01-08,Saturday,17,B03,haircut,30,phone,0,0,0,0,1,1
APT-1257,2028-01-10,Monday,17,B04,haircut,30,app,4,0,0,0,1,0
APT-1258,2028-01-11,Tuesday,15,B03,haircut,30,phone,11,0,0,0,1,0
APT-1259,2028-01-11,Tuesday,12,B03,combo,45,app,7,1,2,9,1,0
APT-1260,2028-01-12,Wednesday,13,B02,haircut,30,app,1,0,0,0,1,0
APT-1261,2028-01-12,Wednesday,10,B03,combo,45,app,11,1,2,19,0,0
APT-1262,2028-01-12,Wednesday,13,B04,combo,45,walk-in,9,0,0,0,1,1
APT-1263,2028-01-13,Thursday,12,B01,haircut,30,phone,5,0,0,0,1,0
APT-1264,2028-01-13,Thursday,9,B02,combo,45,walk-in,0,1,1,19,0,0
APT-1265,2028-01-15,Saturday,11,B01,beard_trim,20,phone,5,1,2,14,1,0
APT-1266,2028-01-17,Monday,14,B04,beard_trim,20,app,1,1,2,5,1,1
APT-1267,2028-01-17,Monday,12,B02,haircut,30,app,3,1,2,14,0,0
APT-1268,2028-01-18,Tuesday,18,B03,combo,45,phone,6,1,0,7,0,0
APT-1269,2028-01-19,Wednesday,13,B03,beard_trim,20,app,11,1,0,7,1,0
APT-1270,2028-01-20,Thursday,18,B04,beard_trim,20,phone,3,0,0,0,1,0
APT-1271,2028-01-21,Friday,15,B01,combo,45,walk-in,10,0,0,0,1,0
APT-1272,2028-01-21,Friday,9,B03,haircut,30,walk-in,11,1,0,1,0,0
APT-1273,2028-01-22,Saturday,11,B04,combo,45,app,0,1,1,19,1,0
APT-1274,2028-01-24,Monday,16,B01,combo,45,phone,2,1,2,11,1,1
APT-1275,2028-01-25,Tuesday,14,B03,haircut,30,app,7,1,0,13,0,0
APT-1276,2028-01-27,Thursday,12,B02,haircut,30,app,8,0,0,0,1,0
APT-1277,2028-01-27,Thursday,14,B03,haircut,30,phone,4,1,2,13,0,0
APT-1278,2028-01-28,Friday,18,B02,combo,45,phone,6,1,2,12,1,0
APT-1279,2028-01-28,Friday,12,B01,haircut,30,phone,6,1,2,16,1,0
APT-1280,2028-01-28,Friday,9,B01,beard_trim,20,app,8,0,0,0,0,0
APT-1281,2028-01-29,Saturday,12,B01,haircut,30,walk-in,7,1,0,16,1,0
APT-1282,2028-01-29,Saturday,18,B01,haircut,30,walk-in,1,0,0,0,1,0
APT-1283,2028-01-31,Monday,16,B03,beard_trim,20,phone,2,1,0,4,1,0
APT-1284,2028-02-01,Tuesday,17,B02,haircut,30,walk-in,1,0,0,0,1,0
APT-1285,2028-02-02,Wednesday,18,B01,combo,45,app,12,1,0,17,0,0
APT-1286,2028-02-03,Thursday,10,B03,haircut,30,phone,11,0,0,0,0,0
APT-1287,2028-02-03,Thursday,11,B03,combo,45,walk-in,9,1,2,19,1,0
APT-1288,2028-02-04,Friday,9,B02,haircut,30,walk-in,1,1,2,2,0,0
APT-1289,2028-02-04,Friday,9,B04,combo,45,walk-in,5,0,0,0,0,1
APT-1290,2028-02-04,Friday,17,B02,beard_trim,20,phone,2,1,1,17,1,1
APT-1291,2028-02-04,Friday,18,B03,haircut,30,walk-in,3,1,0,15,0,0
APT-1292,2028-02-05,Saturday,10,B01,haircut,30,phone,2,1,1,10,1,0
APT-1293,2028-02-07,Monday,16,B03,haircut,30,app,9,0,0,0,1,1
APT-1294,2028-02-07,Monday,14,B04,beard_trim,20,app,1,1,2,9,1,1
APT-1295,2028-02-08,Tuesday,9,B03,combo,45,phone,6,1,0,1,0,0
APT-1296,2028-02-08,Tuesday,18,B02,haircut,30,phone,14,1,0,10,1,0
APT-1297,2028-02-10,Thursday,17,B03,haircut,30,phone,7,1,1,5,1,1
APT-1298,2028-02-11,Friday,14,B02,beard_trim,20,walk-in,1,1,1,4,1,1
APT-1299,2028-02-11,Friday,16,B03,beard_trim,20,phone,11,0,0,0,1,1
APT-1300,2028-02-11,Friday,12,B03,beard_trim,20,app,6,1,1,9,1,0
APT-1301,2028-02-14,Monday,16,B04,haircut,30,app,4,0,0,0,1,0
APT-1302,2028-02-16,Wednesday,13,B02,beard_trim,20,phone,6,0,0,0,0,1
APT-1303,2028-02-16,Wednesday,18,B01,combo,45,phone,10,0,0,0,1,0
APT-1304,2028-02-19,Saturday,9,B02,haircut,30,phone,4,0,0,0,0,0
APT-1305,2028-02-21,Monday,10,B01,haircut,30,phone,5,1,2,6,1,1
APT-1306,2028-02-22,Tuesday,18,B01,haircut,30,phone,4,1,0,4,1,0
APT-1307,2028-02-24,Thursday,11,B02,beard_trim,20,phone,1,0,0,0,0,0
APT-1308,2028-02-25,Friday,12,B03,haircut,30,walk-in,8,1,1,13,1,0
APT-1309,2028-02-26,Saturday,16,B01,combo,45,app,1,1,1,1,1,0
APT-1310,2028-02-28,Monday,10,B01,beard_trim,20,phone,4,1,0,17,0,0
APT-1311,2028-02-28,Monday,14,B01,beard_trim,20,phone,3,1,0,9,1,0
APT-1312,2028-02-29,Tuesday,11,B04,beard_trim,20,app,3,1,0,16,1,0
APT-1313,2028-03-08,Wednesday,10,B03,haircut,30,phone,4,1,1,2,1,0
APT-1314,2028-03-10,Friday,18,B01,combo,45,phone,6,1,0,9,1,0
APT-1315,2028-03-10,Friday,10,B01,haircut,30,phone,3,1,2,9,1,1
APT-1316,2028-03-11,Saturday,9,B02,beard_trim,20,phone,2,0,0,0,1,0
APT-1317,2028-03-11,Saturday,15,B01,combo,45,app,10,1,0,14,0,1
APT-1318,2028-03-16,Thursday,17,B02,beard_trim,20,app,13,1,2,18,0,0
APT-1319,2028-03-18,Saturday,10,B02,combo,45,app,4,1,1,11,1,0
APT-1320,2028-03-18,Saturday,16,B04,haircut,30,app,3,1,2,8,1,0
APT-1321,2028-03-22,Wednesday,14,B01,combo,45,phone,0,1,1,13,1,0
APT-1322,2028-03-22,Wednesday,17,B03,beard_trim,20,walk-in,0,1,1,7,1,0
APT-1323,2028-03-23,Thursday,10,B01,beard_trim,20,phone,4,1,0,7,1,0
APT-1324,2028-03-28,Tuesday,18,B04,haircut,30,app,12,1,1,15,1,0
APT-1325,2028-03-31,Friday,15,B04,haircut,30,app,8,1,0,12,1,0
APT-1326,2028-03-31,Friday,17,B03,beard_trim,20,app,3,1,0,6,1,0
APT-1327,2028-03-31,Friday,12,B02,haircut,30,phone,13,1,2,8,1,0
APT-1328,2028-04-03,Monday,18,B01,beard_trim,20,app,4,1,2,16,1,0
APT-1329,2028-04-03,Monday,15,B03,combo,45,phone,3,0,0,0,0,1
APT-1330,2028-04-05,Wednesday,10,B03,combo,45,phone,4,1,0,2,1,0
APT-1331,2028-04-08,Saturday,18,B01,haircut,30,phone,2,0,0,0,0,1
APT-1332,2028-04-08,Saturday,16,B02,combo,45,app,11,1,1,15,1,0
APT-1333,2028-04-10,Monday,12,B02,haircut,30,app,3,0,0,0,1,1
APT-1334,2028-04-10,Monday,14,B03,haircut,30,phone,6,1,0,19,1,0
APT-1335,2028-04-12,Wednesday,12,B03,combo,45,phone,3,1,0,19,1,0
APT-1336,2028-04-13,Thursday,14,B03,haircut,30,app,11,0,0,0,1,0
APT-1337,2028-04-13,Thursday,18,B03,haircut,30,walk-in,6,1,1,8,1,0
APT-1338,2028-04-17,Monday,17,B01,haircut,30,phone,4,1,2,18,1,0
APT-1339,2028-04-18,Tuesday,11,B02,beard_trim,20,phone,1,0,0,0,1,0
APT-1340,2028-04-19,Wednesday,18,B01,combo,45,app,11,1,0,17,1,0
APT-1341,2028-04-19,Wednesday,13,B03,haircut,30,app,5,0,0,0,0,0
APT-1342,2028-04-20,Thursday,16,B02,haircut,30,app,3,0,0,0,0,1
APT-1343,2028-04-21,Friday,16,B02,beard_trim,20,app,10,0,0,0,0,1
APT-1344,2028-04-21,Friday,13,B01,haircut,30,phone,1,1,1,19,1,0
APT-1345,2028-04-25,Tuesday,13,B01,beard_trim,20,phone,3,1,2,10,0,1
APT-1346,2028-04-28,Friday,13,B02,combo,45,walk-in,5,1,1,18,1,0
APT-1347,2028-04-28,Friday,17,B01,beard_trim,20,walk-in,3,1,0,11,1,1
APT-1348,2028-04-28,Friday,12,B01,combo,45,app,4,1,1,11,1,0
APT-1349,2028-04-28,Friday,11,B03,beard_trim,20,app,2,1,2,2,0,0
APT-1350,2028-04-29,Saturday,12,B02,combo,45,phone,1,1,2,8,1,0
APT-1351,2028-04-29,Saturday,10,B02,haircut,30,walk-in,0,1,1,11,1,0
APT-1352,2028-05-04,Thursday,12,B02,haircut,30,walk-in,2,0,0,0,1,1
APT-1353,2028-05-04,Thursday,10,B03,beard_trim,20,app,13,0,0,0,0,0
APT-1354,2028-05-06,Saturday,9,B02,haircut,30,app,5,1,0,12,1,0
APT-1355,2028-05-08,Monday,16,B03,combo,45,app,4,1,2,5,0,0
APT-1356,2028-05-09,Tuesday,9,B04,beard_trim,20,walk-in,3,0,0,0,0,0
APT-1357,2028-05-10,Wednesday,14,B03,combo,45,phone,7,1,2,9,1,0
APT-1358,2028-05-11,Thursday,16,B02,haircut,30,phone,1,1,1,8,0,0
APT-1359,2028-05-11,Thursday,16,B03,haircut,30,phone,3,0,0,0,0,1
APT-1360,2028-05-12,Friday,13,B02,beard_trim,20,app,6,0,0,0,1,1
APT-1361,2028-05-18,Thursday,10,B02,haircut,30,phone,4,0,0,0,1,0
APT-1362,2028-05-20,Saturday,18,B02,beard_trim,20,app,8,1,2,11,0,1
APT-1363,2028-05-20,Saturday,17,B02,beard_trim,20,phone,11,1,2,6,0,0
APT-1364,2028-05-23,Tuesday,15,B01,combo,45,phone,9,1,0,1,0,0
APT-1365,2028-05-23,Tuesday,9,B02,beard_trim,20,phone,2,0,0,0,1,0
APT-1366,2028-05-25,Thursday,9,B01,haircut,30,app,1,1,1,19,0,0
APT-1367,2028-05-25,Thursday,12,B02,haircut,30,walk-in,2,0,0,0,1,0
APT-1368,2028-05-26,Friday,10,B02,beard_trim,20,phone,8,1,1,6,1,0
APT-1369,2028-05-27,Saturday,17,B04,haircut,30,app,11,1,1,12,0,1
APT-1370,2028-05-27,Saturday,11,B01,haircut,30,app,12,1,1,3,1,0
APT-1371,2028-05-30,Tuesday,11,B03,haircut,30,phone,3,1,2,18,0,1
APT-1372,2028-05-30,Tuesday,18,B02,haircut,30,app,10,1,0,1,0,0
APT-1373,2028-05-30,Tuesday,17,B01,beard_trim,20,app,5,0,0,0,0,0
APT-1374,2028-05-31,Wednesday,11,B01,haircut,30,app,9,1,1,17,1,0
APT-1375,2028-05-31,Wednesday,12,B01,beard_trim,20,app,5,0,0,0,1,0
APT-1376,2028-06-01,Thursday,14,B01,haircut,30,phone,1,0,0,0,1,0
APT-1377,2028-06-02,Friday,15,B01,beard_trim,20,phone,1,1,0,10,1,1
APT-1378,2028-06-05,Monday,18,B02,haircut,30,app,13,1,1,2,1,1
APT-1379,2028-06-07,Wednesday,17,B02,combo,45,phone,4,0,0,0,1,0
APT-1380,2028-06-07,Wednesday,18,B01,haircut,30,app,3,1,1,3,0,0
APT-1381,2028-06-07,Wednesday,9,B01,beard_trim,20,app,3,1,0,2,1,0
APT-1382,2028-06-07,Wednesday,11,B01,haircut,30,app,3,1,2,9,1,0
APT-1383,2028-06-08,Thursday,14,B02,haircut,30,phone,12,1,0,1,1,0
APT-1384,2028-06-08,Thursday,9,B02,haircut,30,walk-in,1,0,0,0,1,0
APT-1385,2028-06-09,Friday,12,B02,combo,45,phone,1,1,0,8,1,0
APT-1386,2028-06-10,Saturday,10,B01,combo,45,app,8,0,0,0,0,0
APT-1387,2028-06-12,Monday,18,B01,haircut,30,app,5,0,0,0,0,0
APT-1388,2028-06-12,Monday,9,B04,haircut,30,app,1,1,1,2,1,0
APT-1389,2028-06-12,Monday,10,B01,beard_trim,20,walk-in,0,1,2,18,1,1
APT-1390,2028-06-12,Monday,10,B01,beard_trim,20,app,2,0,0,0,1,0
APT-1391,2028-06-17,Saturday,10,B01,haircut,30,walk-in,2,1,0,7,1,0
APT-1392,2028-06-19,Monday,14,B04,beard_trim,20,phone,0,1,1,8,1,0
APT-1393,2028-06-19,Monday,12,B03,beard_trim,20,phone,2,1,1,17,1,1
APT-1394,2028-06-19,Monday,18,B03,beard_trim,20,walk-in,8,0,0,0,1,1
APT-1395,2028-06-21,Wednesday,11,B04,haircut,30,app,10,1,2,5,0,0
APT-1396,2028-06-21,Wednesday,14,B01,haircut,30,phone,11,0,0,0,1,0
APT-1397,2028-06-23,Friday,15,B04,haircut,30,app,3,0,0,0,1,0
APT-1398,2028-06-23,Friday,15,B01,beard_trim,20,walk-in,3,0,0,0,1,0
APT-1399,2028-06-26,Monday,16,B03,haircut,30,phone,14,0,0,0,0,0
APT-1400,2028-06-27,Tuesday,11,B02,beard_trim,20,app,8,0,0,0,1,1
APT-1401,2028-06-27,Tuesday,14,B02,beard_trim,20,walk-in,5,0,0,0,1,0
APT-1402,2028-06-27,Tuesday,17,B04,beard_trim,20,app,2,1,0,2,1,0
APT-1403,2028-06-28,Wednesday,17,B01,haircut,30,app,3,1,0,12,1,0
APT-1404,2028-06-29,Thursday,15,B04,haircut,30,phone,5,0,0,0,1,0
APT-1405,2028-06-30,Friday,15,B02,haircut,30,phone,5,1,1,5,1,0
APT-1406,2028-06-30,Friday,17,B03,beard_trim,20,walk-in,0,0,0,0,1,0
APT-1407,2028-07-01,Saturday,15,B04,combo,45,phone,13,1,0,1,1,0
APT-1408,2028-07-04,Tuesday,18,B01,haircut,30,phone,5,1,2,6,0,1
APT-1409,2028-07-04,Tuesday,10,B04,combo,45,app,6,1,0,10,1,0
APT-1410,2028-07-05,Wednesday,12,B02,haircut,30,app,2,0,0,0,1,0
APT-1411,2028-07-14,Friday,10,B03,haircut,30,walk-in,8,1,1,7,1,0
APT-1412,2028-07-14,Friday,9,B01,haircut,30,app,8,1,0,3,0,1
APT-1413,2028-07-17,Monday,13,B02,beard_trim,20,phone,1,1,2,9,1,0
APT-1414,2028-07-17,Monday,11,B03,haircut,30,app,6,1,1,15,1,0
APT-1415,2028-07-19,Wednesday,13,B02,haircut,30,app,6,1,0,12,1,0
APT-1416,2028-07-19,Wednesday,13,B01,beard_trim,20,phone,9,0,0,0,1,1
APT-1417,2028-07-19,Wednesday,15,B01,beard_trim,20,phone,2,1,0,14,1,0
APT-1418,2028-07-19,Wednesday,18,B04,haircut,30,phone,10,0,0,0,1,0
APT-1419,2028-07-20,Thursday,17,B01,haircut,30,walk-in,4,1,0,9,1,0
APT-1420,2028-07-22,Saturday,12,B03,beard_trim,20,app,1,1,0,12,1,0
APT-1421,2028-07-24,Monday,12,B04,haircut,30,phone,1,1,2,11,1,0
APT-1422,2028-07-25,Tuesday,16,B01,haircut,30,app,2,1,1,16,1,0
APT-1423,2028-07-26,Wednesday,10,B01,beard_trim,20,phone,3,0,0,0,1,0
APT-1424,2028-07-26,Wednesday,14,B03,haircut,30,app,5,0,0,0,1,1
APT-1425,2028-07-27,Thursday,13,B01,beard_trim,20,phone,8,1,2,2,1,0
APT-1426,2028-07-31,Monday,10,B02,haircut,30,app,2,1,0,17,1,0
APT-1427,2028-07-31,Monday,15,B03,haircut,30,walk-in,14,1,2,9,1,0
APT-1428,2028-08-04,Friday,12,B02,haircut,30,walk-in,2,1,1,16,0,0
APT-1429,2028-08-04,Friday,10,B02,haircut,30,walk-in,6,1,1,13,0,0
APT-1430,2028-08-04,Friday,15,B03,haircut,30,app,12,1,1,1,0,0
APT-1431,2028-08-05,Saturday,10,B02,haircut,30,walk-in,9,1,2,13,1,0
APT-1432,2028-08-05,Saturday,15,B01,combo,45,app,6,0,0,0,1,0
APT-1433,2028-08-05,Saturday,10,B02,combo,45,app,7,0,0,0,1,1
APT-1434,2028-08-07,Monday,13,B04,haircut,30,app,1,1,2,6,1,0
APT-1435,2028-08-07,Monday,17,B03,beard_trim,20,app,0,1,2,13,1,1
APT-1436,2028-08-07,Monday,11,B02,beard_trim,20,phone,4,1,1,2,1,0
APT-1437,2028-08-08,Tuesday,16,B02,combo,45,app,1,0,0,0,1,0
APT-1438,2028-08-08,Tuesday,16,B01,haircut,30,app,3,0,0,0,1,0
APT-1439,2028-08-09,Wednesday,18,B01,haircut,30,phone,2,1,2,2,1,0
APT-1440,2028-08-10,Thursday,10,B01,haircut,30,walk-in,11,1,1,1,0,0
APT-1441,2028-08-10,Thursday,16,B04,haircut,30,phone,11,0,0,0,0,0
APT-1442,2028-08-10,Thursday,18,B01,haircut,30,phone,9,0,0,0,1,0
APT-1443,2028-08-11,Friday,16,B03,combo,45,app,7,0,0,0,1,0
APT-1444,2028-08-11,Friday,10,B01,combo,45,walk-in,2,1,2,19,0,0
APT-1445,2028-08-12,Saturday,17,B01,haircut,30,app,0,1,1,1,1,1
APT-1446,2028-08-12,Saturday,10,B02,haircut,30,app,6,1,0,10,0,0
APT-1447,2028-08-12,Saturday,14,B02,haircut,30,app,6,0,0,0,0,0
APT-1448,2028-08-12,Saturday,13,B03,haircut,30,phone,3,1,1,8,1,0
APT-1449,2028-08-12,Saturday,14,B04,beard_trim,20,app,4,1,0,6,1,0
APT-1450,2028-08-18,Friday,14,B04,haircut,30,phone,4,0,0,0,1,1
APT-1451,2028-08-19,Saturday,9,B01,combo,45,app,2,0,0,0,1,1
APT-1452,2028-08-21,Monday,14,B03,combo,45,phone,3,1,0,16,1,0
APT-1453,2028-08-22,Tuesday,18,B01,beard_trim,20,phone,4,0,0,0,1,0
APT-1454,2028-08-22,Tuesday,13,B04,beard_trim,20,app,6,1,1,5,1,0
APT-1455,2028-08-23,Wednesday,11,B02,beard_trim,20,app,13,1,1,6,1,0
APT-1456,2028-08-23,Wednesday,18,B02,haircut,30,phone,5,1,1,5,0,0
APT-1457,2028-08-24,Thursday,9,B01,haircut,30,phone,8,1,2,7,1,0
APT-1458,2028-08-24,Thursday,13,B01,beard_trim,20,app,9,1,2,12,0,0
APT-1459,2028-08-25,Friday,14,B01,haircut,30,phone,1,0,0,0,1,0
APT-1460,2028-08-26,Saturday,13,B04,combo,45,app,6,1,1,18,1,0
APT-1461,2028-08-28,Monday,18,B03,haircut,30,app,4,0,0,0,0,1
APT-1462,2028-08-28,Monday,13,B04,haircut,30,app,5,1,1,6,1,0
APT-1463,2028-08-30,Wednesday,18,B01,haircut,30,phone,0,1,2,4,1,1
APT-1464,2028-08-31,Thursday,9,B02,combo,45,app,11,1,0,8,1,0
APT-1465,2028-09-02,Saturday,16,B01,haircut,30,phone,13,1,2,16,0,0
APT-1466,2028-09-04,Monday,14,B02,haircut,30,app,0,0,0,0,0,0
APT-1467,2028-09-06,Wednesday,11,B02,haircut,30,phone,2,1,2,8,1,0
APT-1468,2028-09-07,Thursday,11,B01,beard_trim,20,app,2,0,0,0,1,0
APT-1469,2028-09-11,Monday,16,B02,combo,45,phone,8,1,1,1,1,0
APT-1470,2028-09-12,Tuesday,15,B01,haircut,30,phone,6,1,0,2,1,1
APT-1471,2028-09-12,Tuesday,15,B02,combo,45,app,2,1,1,13,1,0
APT-1472,2028-09-12,Tuesday,9,B03,haircut,30,app,9,1,2,12,1,0
APT-1473,2028-09-12,Tuesday,14,B01,beard_trim,20,phone,3,1,0,13,1,0
APT-1474,2028-09-14,Thursday,18,B04,haircut,30,walk-in,4,0,0,0,0,0
APT-1475,2028-09-16,Saturday,9,B02,haircut,30,walk-in,3,0,0,0,1,1
APT-1476,2028-09-18,Monday,13,B03,beard_trim,20,app,5,0,0,0,1,0
APT-1477,2028-09-19,Tuesday,13,B03,beard_trim,20,phone,4,0,0,0,1,0
APT-1478,2028-09-19,Tuesday,17,B03,haircut,30,app,3,1,0,12,0,0
APT-1479,2028-09-19,Tuesday,11,B03,combo,45,app,4,1,1,6,0,0
APT-1480,2028-09-20,Wednesday,13,B04,combo,45,phone,11,1,1,13,1,0
APT-1481,2028-09-21,Thursday,16,B03,haircut,30,phone,5,1,2,6,1,0
APT-1482,2028-09-22,Friday,9,B01,beard_trim,20,phone,11,1,1,10,1,0
APT-1483,2028-09-27,Wednesday,17,B01,beard_trim,20,walk-in,5,1,2,9,0,1
APT-1484,2028-09-28,Thursday,17,B03,haircut,30,app,8,1,0,8,1,0
APT-1485,2028-09-29,Friday,16,B01,combo,45,phone,3,1,1,3,1,0
APT-1486,2028-10-02,Monday,15,B01,haircut,30,app,9,1,0,11,1,0
APT-1487,2028-10-03,Tuesday,16,B01,beard_trim,20,app,2,0,0,0,0,0
APT-1488,2028-10-03,Tuesday,16,B02,haircut,30,app,0,1,0,13,1,0
APT-1489,2028-10-06,Friday,18,B01,haircut,30,walk-in,2,0,0,0,1,0
APT-1490,2028-10-07,Saturday,13,B03,beard_trim,20,phone,0,1,0,16,1,0
APT-1491,2028-10-09,Monday,13,B03,beard_trim,20,app,12,1,1,1,1,0
APT-1492,2028-10-09,Monday,15,B03,combo,45,phone,14,0,0,0,1,0
APT-1493,2028-10-10,Tuesday,10,B02,combo,45,walk-in,8,0,0,0,1,0
APT-1494,2028-10-10,Tuesday,17,B02,haircut,30,walk-in,1,1,1,13,1,0
APT-1495,2028-10-11,Wednesday,16,B02,haircut,30,phone,11,1,0,19,1,0
APT-1496,2028-10-12,Thursday,15,B02,haircut,30,app,8,1,0,17,1,1
APT-1497,2028-10-13,Friday,12,B03,haircut,30,phone,3,1,1,8,0,0
APT-1498,2028-10-13,Friday,12,B01,haircut,30,walk-in,5,1,2,16,1,0
APT-1499,2028-10-14,Saturday,13,B04,combo,45,walk-in,7,1,2,12,1,1
APT-1500,2028-10-14,Saturday,15,B01,beard_trim,20,walk-in,0,1,0,3,0,1
